id,batch_number,drug_id,manufacturing_date,expiry_date,initial_quantity,current_quantity,manufacturer_name,current_facility_id,status
41317497-baad-49dd-9e46-53228fa0e6ce,LOT-2026-00001,81cfce7a-db8c-41bc-8a00-27f2cd737bf8,2026-07-26,2028-01-28,2277,711,Serum & Pharma Corp,4bd7ab0d-7a82-4e3f-a689-9d5bb57f24af,RELEASED
7f042d37-5628-456c-bd8c-eca77d4d5a20,LOT-2026-00002,81cfce7a-db8c-41bc-8a00-27f2cd737bf8,2026-04-24,2027-07-15,3452,1094,Serum & Pharma Corp,4412a3ea-7898-42e2-8fb3-7afd57d7d349,RELEASED
7e11e77c-212f-48b8-a30b-7f7b8fa3eaf7,LOT-2026-00003,81cfce7a-db8c-41bc-8a00-27f2cd737bf8,2026-04-24,2027-11-05,4260,3251,Serum & Pharma Corp,1dd19dd7-312d-48db-9235-3d33d6952c2e,RELEASED
b172e806-7fb2-432f-89f5-528f262b0286,LOT-2026-00004,81cfce7a-db8c-41bc-8a00-27f2cd737bf8,2025-07-01,2026-11-11,1208,277,Serum & Pharma Corp,3148a08c-9795-4ef7-b51a-d8a942e504f9,NEAR_EXPIRY
8499cc5f-b9dc-48bb-ab86-3992be91f9af,LOT-2026-00005,81cfce7a-db8c-41bc-8a00-27f2cd737bf8,2026-05-17,2027-09-15,4072,3140,Serum & Pharma Corp,4412a3ea-7898-42e2-8fb3-7afd57d7d349,RELEASED
59e2b5f7-1df5-4b43-a72c-86dff16d8f4c,LOT-2026-00006,81cfce7a-db8c-41bc-8a00-27f2cd737bf8,2026-06-27,2027-07-18,4142,1510,Serum & Pharma Corp,0395b295-1937-4d01-9a55-8c1628ca811e,RELEASED
8d27885c-3d81-40ad-94d6-c9d5adc65a25,LOT-2026-00007,81cfce7a-db8c-41bc-8a00-27f2cd737bf8,2026-06-08,2027-04-11,4844,3319,Serum & Pharma Corp,4efa322e-b7da-46a3-8997-0c5785d3443a,RELEASED
e7154492-addd-4246-80db-723f9ee74b65,LOT-2026-00008,81cfce7a-db8c-41bc-8a00-27f2cd737bf8,2026-05-09,2028-04-09,1301,333,Serum & Pharma Corp,4efa322e-b7da-46a3-8997-0c5785d3443a,RELEASED
b863fe78-2cf4-4dee-a0a6-9867573a82fe,LOT-2026-00009,81cfce7a-db8c-41bc-8a00-27f2cd737bf8,2026-04-22,2027-07-28,2455,1473,Serum & Pharma Corp,d9232cfb-c4f1-4e59-8121-2970b4908912,RELEASED
b3f7972a-85ef-4fef-990e-bd259c276d45,LOT-2026-00010,81cfce7a-db8c-41bc-8a00-27f2cd737bf8,2026-07-31,2028-03-16,4642,2358,Serum & Pharma Corp,8c9dd271-7fe2-4838-95b7-ecf6fb2d9d2c,RELEASED
da12b073-0236-4e41-9eb8-9ba502d7261c,LOT-2026-00011,08cf44a2-7843-40db-8be5-b7ec90054e44,2026-06-14,2028-09-12,3490,1451,Serum & Pharma Corp,65300365-fddf-4f82-9622-06ddc4c773d5,RELEASED
27d3d403-f001-41bd-ae6f-4c3331eac46c,LOT-2026-00012,08cf44a2-7843-40db-8be5-b7ec90054e44,2026-06-27,2027-07-09,3345,1650,Serum & Pharma Corp,d9232cfb-c4f1-4e59-8121-2970b4908912,RELEASED
78b6bc85-b102-4380-a5d9-ab8c2852046c,LOT-2026-00013,08cf44a2-7843-40db-8be5-b7ec90054e44,2026-05-30,2028-08-07,1981,1292,Serum & Pharma Corp,ba01ba31-4727-4fae-ad1e-216f0c07e61c,RELEASED
7e8a30c7-51aa-4281-89be-a742d8b3774a,LOT-2026-00014,08cf44a2-7843-40db-8be5-b7ec90054e44,2025-02-06,2026-11-17,1479,962,Serum & Pharma Corp,52b26c2e-5540-42a1-a8c0-5f96b1a7df56,NEAR_EXPIRY
a8d6b879-127f-4f15-bf79-f63089646add,LOT-2026-00015,08cf44a2-7843-40db-8be5-b7ec90054e44,2026-08-20,2027-09-04,815,365,Serum & Pharma Corp,0395b295-1937-4d01-9a55-8c1628ca811e,RELEASED
0ce49aa1-00af-4a57-ae7f-b410691a2d23,LOT-2026-00016,08cf44a2-7843-40db-8be5-b7ec90054e44,2026-05-11,2027-12-02,2733,1097,Serum & Pharma Corp,1dd19dd7-312d-48db-9235-3d33d6952c2e,RELEASED
1f4a7bfb-b6f2-46d1-9392-041bb9c50cbb,LOT-2026-00017,08cf44a2-7843-40db-8be5-b7ec90054e44,2026-06-20,2028-08-04,3035,629,Serum & Pharma Corp,daceb465-bb39-4f15-8e6d-00a26b0b331e,RELEASED
1b26c8ff-287a-48e7-bc51-ad850b9e15d1,LOT-2026-00018,08cf44a2-7843-40db-8be5-b7ec90054e44,2026-05-11,2028-01-03,661,546,Serum & Pharma Corp,8c9dd271-7fe2-4838-95b7-ecf6fb2d9d2c,RELEASED
17dde71e-6c92-40de-a774-db52c6f898bc,LOT-2026-00019,08cf44a2-7843-40db-8be5-b7ec90054e44,2026-08-17,2027-09-25,2975,926,Serum & Pharma Corp,6c62826c-5647-4a14-bc5c-84f2cdfde6ae,RELEASED
ed6fc7ee-35dc-4842-b1aa-5393cdd767eb,LOT-2026-00020,08cf44a2-7843-40db-8be5-b7ec90054e44,2026-04-24,2028-09-08,3256,2723,Serum & Pharma Corp,ba01ba31-4727-4fae-ad1e-216f0c07e61c,RELEASED
9b3b6354-8520-4623-bccd-d28851660eb1,LOT-2026-00021,74970ff4-2a08-4f93-a3e3-06c395e7cc5d,2026-06-07,2028-02-05,4902,4114,Serum & Pharma Corp,dfa22e57-5b54-457b-80ec-8692ae3d76fb,RELEASED
5850e242-6f1c-400d-b8f2-0ad9d67de663,LOT-2026-00022,74970ff4-2a08-4f93-a3e3-06c395e7cc5d,2026-04-20,2028-03-07,4666,1833,Serum & Pharma Corp,24fe0dbe-455f-431e-9ccb-31c13ea1ee3e,RELEASED
ce61a626-d680-44b7-a12e-ed9a0b64bf63,LOT-2026-00023,74970ff4-2a08-4f93-a3e3-06c395e7cc5d,2026-05-26,2028-07-16,533,333,Serum & Pharma Corp,52b26c2e-5540-42a1-a8c0-5f96b1a7df56,RELEASED
4409416e-abca-4058-8b4e-8974eb549a2c,LOT-2026-00024,74970ff4-2a08-4f93-a3e3-06c395e7cc5d,2026-03-31,2027-11-19,3257,1909,Serum & Pharma Corp,d9232cfb-c4f1-4e59-8121-2970b4908912,RELEASED
df5be06f-11b9-40f4-ab1f-56a0e2ce5bee,LOT-2026-00025,74970ff4-2a08-4f93-a3e3-06c395e7cc5d,2026-06-15,2027-03-30,912,685,Serum & Pharma Corp,65300365-fddf-4f82-9622-06ddc4c773d5,RELEASED
213eeb4f-9404-4c0f-bfe6-e542d8e8f5b3,LOT-2026-00026,74970ff4-2a08-4f93-a3e3-06c395e7cc5d,2026-04-29,2028-09-11,1740,871,Serum & Pharma Corp,5e3c8af4-67c2-4470-912a-ecb7bb53f406,RELEASED
b239784d-440e-46eb-b0d9-5cc2a1465ef2,LOT-2026-00027,74970ff4-2a08-4f93-a3e3-06c395e7cc5d,2026-07-08,2028-01-08,953,724,Serum & Pharma Corp,daceb465-bb39-4f15-8e6d-00a26b0b331e,RELEASED
164f64a6-3661-4885-a31a-778ca57d5c48,LOT-2026-00028,74970ff4-2a08-4f93-a3e3-06c395e7cc5d,2026-07-31,2028-02-27,834,690,Serum & Pharma Corp,1a119cae-1a63-436a-b4b4-7221f0e23bb8,RELEASED
fbf2913a-bdc7-4b10-84a3-390a5d6578f9,LOT-2026-00029,74970ff4-2a08-4f93-a3e3-06c395e7cc5d,2026-05-05,2027-08-28,577,168,Serum & Pharma Corp,4bd7ab0d-7a82-4e3f-a689-9d5bb57f24af,RELEASED
83edc0de-3d9e-4971-9dff-23fd3ddfa6d1,LOT-2026-00030,74970ff4-2a08-4f93-a3e3-06c395e7cc5d,2025-03-02,2026-10-11,1591,1114,Serum & Pharma Corp,24fe0dbe-455f-431e-9ccb-31c13ea1ee3e,NEAR_EXPIRY
4b839ab4-095c-432f-a720-9055f4a82568,LOT-2026-00031,7c2d76e0-6fbe-4bf9-9480-1926f496b863,2025-08-19,2026-10-30,2409,521,Serum & Pharma Corp,4412a3ea-7898-42e2-8fb3-7afd57d7d349,NEAR_EXPIRY
19d0411e-3b69-44b3-817e-a1ce7374ed4c,LOT-2026-00032,7c2d76e0-6fbe-4bf9-9480-1926f496b863,2026-07-10,2028-05-18,3707,2002,Serum & Pharma Corp,1a119cae-1a63-436a-b4b4-7221f0e23bb8,RELEASED
83d57218-678a-4718-bea5-485d7a63a4a0,LOT-2026-00033,7c2d76e0-6fbe-4bf9-9480-1926f496b863,2025-03-05,2026-11-14,3937,974,Serum & Pharma Corp,5e3c8af4-67c2-4470-912a-ecb7bb53f406,NEAR_EXPIRY
8b2859db-f987-4111-acb5-1423772ef90d,LOT-2026-00034,7c2d76e0-6fbe-4bf9-9480-1926f496b863,2026-07-08,2028-05-10,1757,874,Serum & Pharma Corp,deebacc1-8096-49c3-adbd-e050753ed64d,RELEASED
0d1de61e-ed57-411a-a987-e8b0b91ec728,LOT-2026-00035,7c2d76e0-6fbe-4bf9-9480-1926f496b863,2026-04-24,2028-01-25,2473,1906,Serum & Pharma Corp,f4957732-1c15-480e-a95c-168c44e645f3,RELEASED
da4e7063-d4ea-4f08-acc2-f580ea46d594,LOT-2026-00036,7c2d76e0-6fbe-4bf9-9480-1926f496b863,2025-04-16,2026-11-24,3809,1835,Serum & Pharma Corp,6c62826c-5647-4a14-bc5c-84f2cdfde6ae,NEAR_EXPIRY
969e2e57-34b5-42cf-8e16-e10ea15793cc,LOT-2026-00037,7c2d76e0-6fbe-4bf9-9480-1926f496b863,2026-05-19,2028-07-08,1270,388,Serum & Pharma Corp,f4957732-1c15-480e-a95c-168c44e645f3,RELEASED
8cc0a56b-b3ef-49d6-8eb0-0c22e2c1b89c,LOT-2026-00038,7c2d76e0-6fbe-4bf9-9480-1926f496b863,2026-06-14,2028-02-20,2675,853,Serum & Pharma Corp,9661edfb-44f7-44b7-8277-f3cf478fe4ff,RELEASED
914aaa5a-d5c9-4866-853b-d626598f638e,LOT-2026-00039,7c2d76e0-6fbe-4bf9-9480-1926f496b863,2026-07-02,2028-06-25,2952,627,Serum & Pharma Corp,b007baa1-37d0-435d-88a2-b603e821f4e1,RELEASED
305108d5-6c9b-4791-95ef-b3d895987116,LOT-2026-00040,7c2d76e0-6fbe-4bf9-9480-1926f496b863,2026-08-01,2027-06-16,4750,1295,Serum & Pharma Corp,4ae98cc1-cb3c-4e5f-b6cd-1f83ea5d4c77,RELEASED
d0d480ef-07fa-41bf-b283-cffef4bb61c7,LOT-2026-00041,d3c01138-9905-4d76-bf2b-64490842f674,2026-05-15,2027-11-19,4368,3064,Serum & Pharma Corp,9661edfb-44f7-44b7-8277-f3cf478fe4ff,RELEASED
3833c4bb-ee3a-4999-8a55-a0bc98bc391d,LOT-2026-00042,d3c01138-9905-4d76-bf2b-64490842f674,2026-05-30,2027-12-19,2045,1352,Serum & Pharma Corp,6c62826c-5647-4a14-bc5c-84f2cdfde6ae,RELEASED
4e4221cb-494e-4384-9976-abf5ad92c3ce,LOT-2026-00043,d3c01138-9905-4d76-bf2b-64490842f674,2026-08-11,2028-08-15,3003,1962,Serum & Pharma Corp,a4b70abc-ae12-45f7-8dc3-49390eeb354e,RELEASED
d8f12304-0e56-438a-be01-277b0d0817f4,LOT-2026-00044,d3c01138-9905-4d76-bf2b-64490842f674,2025-09-09,2026-11-15,4001,2766,Serum & Pharma Corp,e400d1d0-c992-4b6e-b9e4-1978eb1c1d37,NEAR_EXPIRY
06d4759a-d11d-45d6-ae11-1fc970c92afa,LOT-2026-00045,d3c01138-9905-4d76-bf2b-64490842f674,2026-04-27,2028-02-19,3473,1612,Serum & Pharma Corp,4bd7ab0d-7a82-4e3f-a689-9d5bb57f24af,RELEASED
825b47d2-3db5-45fd-9dae-1b95c8a60fd7,LOT-2026-00046,d3c01138-9905-4d76-bf2b-64490842f674,2026-04-15,2027-07-11,3086,1680,Serum & Pharma Corp,5e3c8af4-67c2-4470-912a-ecb7bb53f406,RELEASED
ff32800e-9af1-48d0-a0fb-600f1687219c,LOT-2026-00047,d3c01138-9905-4d76-bf2b-64490842f674,2026-07-25,2027-04-25,4521,3455,Serum & Pharma Corp,5e3c8af4-67c2-4470-912a-ecb7bb53f406,RELEASED
b2c67685-ec8f-447e-888b-01fa6a0b5199,LOT-2026-00048,d3c01138-9905-4d76-bf2b-64490842f674,2026-05-28,2028-09-11,4001,3206,Serum & Pharma Corp,3aa8a907-2778-4339-8b1f-5849cad16428,RELEASED
f17a5591-22d6-43c4-a91e-5843ace0478c,LOT-2026-00049,d3c01138-9905-4d76-bf2b-64490842f674,2026-07-24,2027-07-05,4496,3572,Serum & Pharma Corp,ba01ba31-4727-4fae-ad1e-216f0c07e61c,RELEASED
98b4c94e-5218-4eaf-94ca-5c1c1db26718,LOT-2026-00050,d3c01138-9905-4d76-bf2b-64490842f674,2026-06-12,2028-05-25,2862,1504,Serum & Pharma Corp,4efa322e-b7da-46a3-8997-0c5785d3443a,RELEASED
c8d8c390-c1f0-4f86-b241-6a7c82deb521,LOT-2026-00051,bf864bc6-3ff9-40df-b3ba-15a657cad795,2026-08-17,2028-04-25,3091,1972,Serum & Pharma Corp,4efa322e-b7da-46a3-8997-0c5785d3443a,RELEASED
bca6dc9c-9e9e-4b9b-9d48-261b850de664,LOT-2026-00052,bf864bc6-3ff9-40df-b3ba-15a657cad795,2026-07-23,2028-01-20,4692,1028,Serum & Pharma Corp,d9232cfb-c4f1-4e59-8121-2970b4908912,RELEASED
2a37e0ca-5603-4225-bd52-5a9a6403bc0b,LOT-2026-00053,bf864bc6-3ff9-40df-b3ba-15a657cad795,2025-11-21,2026-10-28,3182,1622,Serum & Pharma Corp,d9232cfb-c4f1-4e59-8121-2970b4908912,NEAR_EXPIRY
4fa494c5-cea7-4a2b-81c4-d2bd4e4976dd,LOT-2026-00054,bf864bc6-3ff9-40df-b3ba-15a657cad795,2026-06-20,2028-09-06,1241,938,Serum & Pharma Corp,4bd7ab0d-7a82-4e3f-a689-9d5bb57f24af,RELEASED
f0817316-2abb-40fe-8ae1-299dc9089dff,LOT-2026-00055,bf864bc6-3ff9-40df-b3ba-15a657cad795,2026-05-23,2027-04-28,3713,2839,Serum & Pharma Corp,d9232cfb-c4f1-4e59-8121-2970b4908912,RELEASED
6c6e8ca5-5be8-4495-b3b4-2ee783cde92e,LOT-2026-00056,bf864bc6-3ff9-40df-b3ba-15a657cad795,2026-08-22,2028-07-11,1361,1111,Serum & Pharma Corp,4efa322e-b7da-46a3-8997-0c5785d3443a,RELEASED
852b72f2-bf5e-48a9-a1cd-05f514b016f3,LOT-2026-00057,bf864bc6-3ff9-40df-b3ba-15a657cad795,2026-06-30,2028-07-11,4004,3162,Serum & Pharma Corp,4ae98cc1-cb3c-4e5f-b6cd-1f83ea5d4c77,RELEASED
9a490953-062a-4e06-a8c5-1832cc76ad0b,LOT-2026-00058,bf864bc6-3ff9-40df-b3ba-15a657cad795,2025-11-26,2026-11-10,3833,1932,Serum & Pharma Corp,4ae98cc1-cb3c-4e5f-b6cd-1f83ea5d4c77,NEAR_EXPIRY
7143a098-b274-4f83-93d2-a26ea698d2d5,LOT-2026-00059,bf864bc6-3ff9-40df-b3ba-15a657cad795,2026-07-30,2028-04-25,792,623,Serum & Pharma Corp,4bd7ab0d-7a82-4e3f-a689-9d5bb57f24af,RELEASED
0ad23181-f0bd-4b7d-96e8-3da4793782dd,LOT-2026-00060,bf864bc6-3ff9-40df-b3ba-15a657cad795,2026-08-15,2027-10-08,857,604,Serum & Pharma Corp,deebacc1-8096-49c3-adbd-e050753ed64d,RELEASED
755df0b4-ea6c-4cf6-9c03-c63e7f33ab63,LOT-2026-00061,ab85addb-363b-44a6-a129-ab0844ddb444,2026-04-01,2027-11-26,2408,1845,Serum & Pharma Corp,8424e662-7291-4919-8616-aacf78358fd3,RELEASED
812a0829-8391-428a-b169-94c6d3e496eb,LOT-2026-00062,ab85addb-363b-44a6-a129-ab0844ddb444,2026-05-01,2028-08-06,4973,3893,Serum & Pharma Corp,1a119cae-1a63-436a-b4b4-7221f0e23bb8,RELEASED
36349488-6993-4ebf-835c-111d5f1d4e6f,LOT-2026-00063,ab85addb-363b-44a6-a129-ab0844ddb444,2026-04-11,2027-12-19,667,507,Serum & Pharma Corp,6c62826c-5647-4a14-bc5c-84f2cdfde6ae,RELEASED
a73b9442-ef82-461c-ac6d-aa14215e98a6,LOT-2026-00064,ab85addb-363b-44a6-a129-ab0844ddb444,2026-04-07,2027-04-26,3966,3320,Serum & Pharma Corp,4ae98cc1-cb3c-4e5f-b6cd-1f83ea5d4c77,RELEASED
189ba5b1-bcfa-4634-a9d0-750ec82ca6a8,LOT-2026-00065,ab85addb-363b-44a6-a129-ab0844ddb444,2026-07-31,2027-12-10,763,406,Serum & Pharma Corp,b007baa1-37d0-435d-88a2-b603e821f4e1,RELEASED
d7f94956-52f4-43cc-9bf6-e5c3db9b9884,LOT-2026-00066,ab85addb-363b-44a6-a129-ab0844ddb444,2025-06-29,2026-10-11,4557,2787,Serum & Pharma Corp,daceb465-bb39-4f15-8e6d-00a26b0b331e,NEAR_EXPIRY
ce2520ca-815b-420d-9ac4-e58ba0721282,LOT-2026-00067,ab85addb-363b-44a6-a129-ab0844ddb444,2026-06-20,2028-09-06,528,183,Serum & Pharma Corp,4ae98cc1-cb3c-4e5f-b6cd-1f83ea5d4c77,RELEASED
0e9da383-0abb-4631-86cf-57961890cc54,LOT-2026-00068,ab85addb-363b-44a6-a129-ab0844ddb444,2026-05-05,2027-07-10,4499,1585,Serum & Pharma Corp,5e3c8af4-67c2-4470-912a-ecb7bb53f406,RELEASED
6d10fea0-9316-4564-8bfc-027f094816df,LOT-2026-00069,ab85addb-363b-44a6-a129-ab0844ddb444,2026-05-20,2027-11-05,3468,1740,Serum & Pharma Corp,ba01ba31-4727-4fae-ad1e-216f0c07e61c,RELEASED
4ba5e0d5-a501-42c8-82b8-9c348fdb1895,LOT-2026-00070,ab85addb-363b-44a6-a129-ab0844ddb444,2026-07-30,2028-01-28,1607,695,Serum & Pharma Corp,d9232cfb-c4f1-4e59-8121-2970b4908912,RELEASED
eae1b9a3-5914-4e14-8226-8fe78722e90e,LOT-2026-00071,ff13e030-b20f-4e3a-9b03-107ad34e60e2,2026-04-27,2027-06-23,2139,483,Serum & Pharma Corp,c7a9dd13-87f4-463c-b2b9-621c5b778c49,RELEASED
1961e3f5-df67-48c2-80f7-13d9a30d944c,LOT-2026-00072,ff13e030-b20f-4e3a-9b03-107ad34e60e2,2026-04-05,2027-10-02,1783,497,Serum & Pharma Corp,6c62826c-5647-4a14-bc5c-84f2cdfde6ae,RELEASED
3885e28c-d8d0-444b-9d30-5b49617e62cb,LOT-2026-00073,ff13e030-b20f-4e3a-9b03-107ad34e60e2,2026-06-13,2028-07-27,2555,959,Serum & Pharma Corp,c7a9dd13-87f4-463c-b2b9-621c5b778c49,RELEASED
9da1aab8-deb0-42b4-ad33-3332c68a5703,LOT-2026-00074,ff13e030-b20f-4e3a-9b03-107ad34e60e2,2025-04-18,2026-10-28,2475,722,Serum & Pharma Corp,b007baa1-37d0-435d-88a2-b603e821f4e1,NEAR_EXPIRY
5a5c8692-95b9-4482-9198-7ea9262d6ecf,LOT-2026-00075,ff13e030-b20f-4e3a-9b03-107ad34e60e2,2025-04-16,2026-11-06,4208,2770,Serum & Pharma Corp,24fe0dbe-455f-431e-9ccb-31c13ea1ee3e,NEAR_EXPIRY
dc36727e-e879-4a9b-bd46-5cd0f9f2f82f,LOT-2026-00076,ff13e030-b20f-4e3a-9b03-107ad34e60e2,2026-07-05,2027-03-31,1876,397,Serum & Pharma Corp,1dd19dd7-312d-48db-9235-3d33d6952c2e,RELEASED
553d3ec5-26d9-4267-ac4d-377efdd3faad,LOT-2026-00077,ff13e030-b20f-4e3a-9b03-107ad34e60e2,2026-08-15,2027-06-25,1783,808,Serum & Pharma Corp,1dd19dd7-312d-48db-9235-3d33d6952c2e,RELEASED
3a4adb54-76a3-440d-8ba8-d94f42643e24,LOT-2026-00078,ff13e030-b20f-4e3a-9b03-107ad34e60e2,2026-08-15,2028-01-24,2916,1113,Serum & Pharma Corp,52b26c2e-5540-42a1-a8c0-5f96b1a7df56,RELEASED
308e15bc-607c-4729-80f4-6666696d9a29,LOT-2026-00079,ff13e030-b20f-4e3a-9b03-107ad34e60e2,2026-07-16,2027-11-28,3794,2307,Serum & Pharma Corp,3ee58fbc-dd4d-4664-94e2-2e2e1d7f2de1,RELEASED
9efbabe6-c3c6-48bf-9ef2-3d8ecd940d14,LOT-2026-00080,ff13e030-b20f-4e3a-9b03-107ad34e60e2,2026-05-12,2027-09-24,1309,877,Serum & Pharma Corp,38f50c5b-9a42-4af1-b031-32babb5c47b5,RELEASED
3e43e4fe-d84c-464f-af1d-b3bfe9121c17,LOT-2026-00081,ed3ad51d-dc53-4e58-9e93-f83383f3d25f,2025-06-30,2026-11-09,3155,2171,Serum & Pharma Corp,65300365-fddf-4f82-9622-06ddc4c773d5,NEAR_EXPIRY
ce44d05d-c5c3-45fc-8a1d-329b84dbb018,LOT-2026-00082,ed3ad51d-dc53-4e58-9e93-f83383f3d25f,2026-07-05,2027-07-22,614,391,Serum & Pharma Corp,6c62826c-5647-4a14-bc5c-84f2cdfde6ae,RELEASED
7064bfd1-26b8-4598-934a-5023e33e8f80,LOT-2026-00083,ed3ad51d-dc53-4e58-9e93-f83383f3d25f,2026-05-22,2027-10-08,1851,1490,Serum & Pharma Corp,9661edfb-44f7-44b7-8277-f3cf478fe4ff,RELEASED
c3a4d465-de2f-4557-91e8-596568371ebd,LOT-2026-00084,ed3ad51d-dc53-4e58-9e93-f83383f3d25f,2026-06-27,2027-05-28,519,142,Serum & Pharma Corp,1a119cae-1a63-436a-b4b4-7221f0e23bb8,RELEASED
f4c3ff66-b116-41b1-b7c7-b226589b0364,LOT-2026-00085,ed3ad51d-dc53-4e58-9e93-f83383f3d25f,2026-04-11,2027-08-22,596,327,Serum & Pharma Corp,f4957732-1c15-480e-a95c-168c44e645f3,RELEASED
2caebea7-1f78-426c-a936-e4b1c0c7c92c,LOT-2026-00086,ed3ad51d-dc53-4e58-9e93-f83383f3d25f,2025-11-21,2026-11-09,2301,583,Serum & Pharma Corp,8424e662-7291-4919-8616-aacf78358fd3,NEAR_EXPIRY
2a7a21cd-1dcd-48fb-b0ec-eaf541e8075f,LOT-2026-00087,ed3ad51d-dc53-4e58-9e93-f83383f3d25f,2026-08-15,2027-09-30,1056,489,Serum & Pharma Corp,dfa22e57-5b54-457b-80ec-8692ae3d76fb,RELEASED
0e943739-0d86-4101-8916-f2b205d38c74,LOT-2026-00088,ed3ad51d-dc53-4e58-9e93-f83383f3d25f,2026-08-23,2027-10-07,3232,691,Serum & Pharma Corp,5be0da05-9400-4be2-a7c4-424f68c6dee4,RELEASED
e1fc8a60-785c-4ef0-8270-6ed38cdfa2a6,LOT-2026-00089,ed3ad51d-dc53-4e58-9e93-f83383f3d25f,2026-07-11,2027-12-28,1833,1169,Serum & Pharma Corp,1a119cae-1a63-436a-b4b4-7221f0e23bb8,RELEASED
5673c46b-3329-49f5-a234-d58225dda26d,LOT-2026-00090,ed3ad51d-dc53-4e58-9e93-f83383f3d25f,2026-06-05,2027-06-01,992,486,Serum & Pharma Corp,c7a9dd13-87f4-463c-b2b9-621c5b778c49,RELEASED
54beee3d-bef2-46c3-9cc9-d77afc16beb7,LOT-2026-00091,4181b429-be0e-4aa8-86ff-43647a0bf2c0,2026-07-13,2028-06-10,3793,2265,Serum & Pharma Corp,e400d1d0-c992-4b6e-b9e4-1978eb1c1d37,RELEASED
638b22ab-890a-4a22-98ad-e087e0336055,LOT-2026-00092,4181b429-be0e-4aa8-86ff-43647a0bf2c0,2026-05-15,2028-05-30,836,675,Serum & Pharma Corp,65300365-fddf-4f82-9622-06ddc4c773d5,RELEASED
0fa7740a-5466-4342-bd0b-eda510350dd1,LOT-2026-00093,4181b429-be0e-4aa8-86ff-43647a0bf2c0,2026-04-13,2027-12-07,2194,1139,Serum & Pharma Corp,9661edfb-44f7-44b7-8277-f3cf478fe4ff,RELEASED
11b8c586-0200-4b3c-a596-600abbc0c54e,LOT-2026-00094,4181b429-be0e-4aa8-86ff-43647a0bf2c0,2026-05-06,2027-09-02,3354,1769,Serum & Pharma Corp,38f50c5b-9a42-4af1-b031-32babb5c47b5,RELEASED
0b082565-2b57-4568-98b3-850606c8b781,LOT-2026-00095,4181b429-be0e-4aa8-86ff-43647a0bf2c0,2026-08-11,2027-06-10,4891,4017,Serum & Pharma Corp,b007baa1-37d0-435d-88a2-b603e821f4e1,RELEASED
f48acce1-df1d-4cff-9a05-04faebe16c43,LOT-2026-00096,4181b429-be0e-4aa8-86ff-43647a0bf2c0,2026-07-17,2027-06-17,2766,1638,Serum & Pharma Corp,4412a3ea-7898-42e2-8fb3-7afd57d7d349,RELEASED
4cbad815-80cd-49d6-b517-ec00c7750300,LOT-2026-00097,4181b429-be0e-4aa8-86ff-43647a0bf2c0,2026-08-01,2027-10-11,1138,297,Serum & Pharma Corp,3ee58fbc-dd4d-4664-94e2-2e2e1d7f2de1,RELEASED
0aa98b59-dd55-49e8-823d-8b282ff694c3,LOT-2026-00098,4181b429-be0e-4aa8-86ff-43647a0bf2c0,2026-06-20,2028-03-17,1309,1046,Serum & Pharma Corp,a4b70abc-ae12-45f7-8dc3-49390eeb354e,RELEASED
43e2f46c-52d6-49be-b86d-c1a670c77fac,LOT-2026-00099,4181b429-be0e-4aa8-86ff-43647a0bf2c0,2026-06-17,2028-07-10,3717,928,Serum & Pharma Corp,65300365-fddf-4f82-9622-06ddc4c773d5,RELEASED
60b360cd-4a20-4002-81dd-d9f815fabec7,LOT-2026-00100,4181b429-be0e-4aa8-86ff-43647a0bf2c0,2026-03-30,2028-02-28,1666,484,Serum & Pharma Corp,ba01ba31-4727-4fae-ad1e-216f0c07e61c,RELEASED
6e51c8a4-b311-4d6f-95d7-0ec5994f2f91,LOT-2026-00101,f8c19e25-ad28-4436-9696-19e32b3df743,2026-04-29,2027-06-02,1120,503,Serum & Pharma Corp,b007baa1-37d0-435d-88a2-b603e821f4e1,RELEASED
7971d028-126a-4f6e-b6fd-66d56fb9eae3,LOT-2026-00102,f8c19e25-ad28-4436-9696-19e32b3df743,2026-07-11,2028-06-09,3219,1755,Serum & Pharma Corp,9661edfb-44f7-44b7-8277-f3cf478fe4ff,RELEASED
51e4e965-1d82-4d83-af3b-69fbfa8947fa,LOT-2026-00103,f8c19e25-ad28-4436-9696-19e32b3df743,2025-10-02,2026-10-27,4468,1586,Serum & Pharma Corp,f4957732-1c15-480e-a95c-168c44e645f3,NEAR_EXPIRY
7ff9560b-8668-4401-b700-335902ea96fd,LOT-2026-00104,f8c19e25-ad28-4436-9696-19e32b3df743,2026-04-20,2027-04-13,4892,1919,Serum & Pharma Corp,deebacc1-8096-49c3-adbd-e050753ed64d,RELEASED
b2c1010e-0910-49ec-9f87-a6c9577b6d7d,LOT-2026-00105,f8c19e25-ad28-4436-9696-19e32b3df743,2026-07-02,2028-07-29,3408,2512,Serum & Pharma Corp,dfa22e57-5b54-457b-80ec-8692ae3d76fb,RELEASED
685a4328-b608-4a72-86e1-9cdc73b8fa5c,LOT-2026-00106,f8c19e25-ad28-4436-9696-19e32b3df743,2026-05-28,2027-08-11,2595,1351,Serum & Pharma Corp,8c9dd271-7fe2-4838-95b7-ecf6fb2d9d2c,RELEASED
2eb42a84-9f23-492f-a346-a4b195d73be6,LOT-2026-00107,f8c19e25-ad28-4436-9696-19e32b3df743,2026-06-17,2028-08-21,3747,1927,Serum & Pharma Corp,b007baa1-37d0-435d-88a2-b603e821f4e1,RELEASED
70d98d3f-a621-4984-8e9d-e2eb0d71a20e,LOT-2026-00108,f8c19e25-ad28-4436-9696-19e32b3df743,2026-05-24,2028-07-26,1094,690,Serum & Pharma Corp,5e3c8af4-67c2-4470-912a-ecb7bb53f406,RELEASED
a3199864-6edd-430a-a46d-0b78a686781a,LOT-2026-00109,f8c19e25-ad28-4436-9696-19e32b3df743,2026-06-15,2028-05-31,1867,810,Serum & Pharma Corp,1a119cae-1a63-436a-b4b4-7221f0e23bb8,RELEASED
485d0723-4378-4c76-8f65-7b485048c355,LOT-2026-00110,f8c19e25-ad28-4436-9696-19e32b3df743,2026-04-14,2028-04-22,2974,1525,Serum & Pharma Corp,5be0da05-9400-4be2-a7c4-424f68c6dee4,RELEASED
713d1f9c-359b-4eb0-98fa-89dfb7d15fdc,LOT-2026-00111,ab7bb929-38ba-46f6-9e91-bf183d567069,2025-05-28,2026-10-17,1045,754,Serum & Pharma Corp,e400d1d0-c992-4b6e-b9e4-1978eb1c1d37,NEAR_EXPIRY
2731004c-28b7-4161-a95d-7267cfe354d5,LOT-2026-00112,ab7bb929-38ba-46f6-9e91-bf183d567069,2026-05-26,2028-05-31,3282,1817,Serum & Pharma Corp,24fe0dbe-455f-431e-9ccb-31c13ea1ee3e,RELEASED
49769783-70c1-4634-a470-dc6d49bbae9d,LOT-2026-00113,ab7bb929-38ba-46f6-9e91-bf183d567069,2026-06-21,2027-06-30,3611,2727,Serum & Pharma Corp,5e3c8af4-67c2-4470-912a-ecb7bb53f406,RELEASED
11a1907e-137d-43b7-a5c7-b627b138295f,LOT-2026-00114,ab7bb929-38ba-46f6-9e91-bf183d567069,2026-04-15,2028-01-19,2080,491,Serum & Pharma Corp,dfa22e57-5b54-457b-80ec-8692ae3d76fb,RELEASED
4ecd7f67-44e8-4e6c-8c62-0eec38f6a3dc,LOT-2026-00115,ab7bb929-38ba-46f6-9e91-bf183d567069,2026-06-10,2027-09-26,2549,1914,Serum & Pharma Corp,1a119cae-1a63-436a-b4b4-7221f0e23bb8,RELEASED
fb624c4b-a3ff-456c-85c6-b94aba6168f3,LOT-2026-00116,ab7bb929-38ba-46f6-9e91-bf183d567069,2025-05-08,2026-10-13,662,256,Serum & Pharma Corp,65300365-fddf-4f82-9622-06ddc4c773d5,NEAR_EXPIRY
fec4aade-356b-4894-90c7-7ab49b0e04f7,LOT-2026-00117,ab7bb929-38ba-46f6-9e91-bf183d567069,2025-03-27,2026-10-20,3650,1106,Serum & Pharma Corp,3aa8a907-2778-4339-8b1f-5849cad16428,NEAR_EXPIRY
0a8fc179-cd38-488f-8990-618cdfd36555,LOT-2026-00118,ab7bb929-38ba-46f6-9e91-bf183d567069,2026-06-21,2028-01-23,2420,510,Serum & Pharma Corp,5be0da05-9400-4be2-a7c4-424f68c6dee4,RELEASED
0a716b6b-42d3-4c98-ad34-92d74e466da9,LOT-2026-00119,ab7bb929-38ba-46f6-9e91-bf183d567069,2026-03-30,2028-01-24,1697,1379,Serum & Pharma Corp,deebacc1-8096-49c3-adbd-e050753ed64d,RELEASED
1cfba3b0-066b-42c1-9299-c6cb273d3e88,LOT-2026-00120,ab7bb929-38ba-46f6-9e91-bf183d567069,2026-08-16,2028-06-05,1636,1097,Serum & Pharma Corp,4bd7ab0d-7a82-4e3f-a689-9d5bb57f24af,RELEASED
975ac140-5238-4a85-b880-dfea88950fe3,LOT-2026-00121,480a6eaf-3d2f-41b3-9f9e-bc78c5014bdf,2026-03-29,2028-06-20,2030,996,Serum & Pharma Corp,c7a9dd13-87f4-463c-b2b9-621c5b778c49,RELEASED
baaa2409-8589-45f3-b2bf-b75174f99879,LOT-2026-00122,480a6eaf-3d2f-41b3-9f9e-bc78c5014bdf,2026-06-21,2027-09-22,2203,1152,Serum & Pharma Corp,4412a3ea-7898-42e2-8fb3-7afd57d7d349,RELEASED
356f56eb-b3ab-4577-b0f9-c723e81b973d,LOT-2026-00123,480a6eaf-3d2f-41b3-9f9e-bc78c5014bdf,2026-05-05,2027-07-08,1038,477,Serum & Pharma Corp,dfa22e57-5b54-457b-80ec-8692ae3d76fb,RELEASED
860e7bd8-162c-4a01-aae3-780982d2751e,LOT-2026-00124,480a6eaf-3d2f-41b3-9f9e-bc78c5014bdf,2026-08-17,2028-03-06,3542,2616,Serum & Pharma Corp,4bd7ab0d-7a82-4e3f-a689-9d5bb57f24af,RELEASED
923cc8d0-12f5-4241-90d7-4907c18cdda7,LOT-2026-00125,480a6eaf-3d2f-41b3-9f9e-bc78c5014bdf,2026-08-07,2027-04-11,3476,2057,Serum & Pharma Corp,8424e662-7291-4919-8616-aacf78358fd3,RELEASED
161a623d-a637-44a4-aa82-4b9d61c56576,LOT-2026-00126,480a6eaf-3d2f-41b3-9f9e-bc78c5014bdf,2025-08-20,2026-11-14,4406,3406,Serum & Pharma Corp,c7a9dd13-87f4-463c-b2b9-621c5b778c49,NEAR_EXPIRY
28d2665d-976a-4914-b80d-7ebf14047512,LOT-2026-00127,480a6eaf-3d2f-41b3-9f9e-bc78c5014bdf,2026-06-23,2028-04-27,1661,1281,Serum & Pharma Corp,deebacc1-8096-49c3-adbd-e050753ed64d,RELEASED
5bf9d424-5c5a-4dc5-8a3d-0696793a9797,LOT-2026-00128,480a6eaf-3d2f-41b3-9f9e-bc78c5014bdf,2026-08-26,2027-06-01,4601,2095,Serum & Pharma Corp,daceb465-bb39-4f15-8e6d-00a26b0b331e,RELEASED
36037cec-f4cd-492d-bc5b-12b2f22ae92b,LOT-2026-00129,480a6eaf-3d2f-41b3-9f9e-bc78c5014bdf,2025-10-26,2026-11-07,1742,852,Serum & Pharma Corp,6c62826c-5647-4a14-bc5c-84f2cdfde6ae,NEAR_EXPIRY
3ed67e2e-1513-4b12-8e2f-b0b1a906e2c6,LOT-2026-00130,480a6eaf-3d2f-41b3-9f9e-bc78c5014bdf,2026-06-24,2028-09-11,4554,1607,Serum & Pharma Corp,f4957732-1c15-480e-a95c-168c44e645f3,RELEASED
1e3fa37d-af29-4a3e-a8df-ed0e53f7529a,LOT-2026-00131,94919613-9376-4475-98a4-f1b9f4d9830a,2026-05-14,2027-07-06,3311,1928,Serum & Pharma Corp,deebacc1-8096-49c3-adbd-e050753ed64d,RELEASED
08c0f7a6-581d-4ef0-9e86-2531111b8d28,LOT-2026-00132,94919613-9376-4475-98a4-f1b9f4d9830a,2026-05-25,2027-07-25,3680,2877,Serum & Pharma Corp,b007baa1-37d0-435d-88a2-b603e821f4e1,RELEASED
8efec3ba-06cd-4bfc-90ba-e06ad30271c4,LOT-2026-00133,94919613-9376-4475-98a4-f1b9f4d9830a,2026-05-18,2028-02-05,1388,821,Serum & Pharma Corp,1dd19dd7-312d-48db-9235-3d33d6952c2e,RELEASED
d3101f41-88e6-4c2c-b8b5-08b984a4b43a,LOT-2026-00134,94919613-9376-4475-98a4-f1b9f4d9830a,2026-08-12,2028-06-23,1531,557,Serum & Pharma Corp,5e3c8af4-67c2-4470-912a-ecb7bb53f406,RELEASED
7f71ef14-5c5f-482e-9f95-bde78a388555,LOT-2026-00135,94919613-9376-4475-98a4-f1b9f4d9830a,2026-05-12,2028-07-08,4872,2011,Serum & Pharma Corp,deebacc1-8096-49c3-adbd-e050753ed64d,RELEASED
02ca01d7-7ed8-47f5-8250-9265abecce95,LOT-2026-00136,94919613-9376-4475-98a4-f1b9f4d9830a,2026-05-13,2028-01-16,2881,1752,Serum & Pharma Corp,5be0da05-9400-4be2-a7c4-424f68c6dee4,RELEASED
3b957230-f677-4b1d-8a04-ce6d73609bfd,LOT-2026-00137,94919613-9376-4475-98a4-f1b9f4d9830a,2026-08-09,2027-12-26,4500,3354,Serum & Pharma Corp,4ae98cc1-cb3c-4e5f-b6cd-1f83ea5d4c77,RELEASED
631e12fa-c65c-4515-b508-2bfee3b407f7,LOT-2026-00138,94919613-9376-4475-98a4-f1b9f4d9830a,2025-07-13,2026-10-24,721,225,Serum & Pharma Corp,4efa322e-b7da-46a3-8997-0c5785d3443a,NEAR_EXPIRY
b43e4b3f-ff94-43ed-9898-0a3dc0ad5294,LOT-2026-00139,94919613-9376-4475-98a4-f1b9f4d9830a,2026-06-18,2028-04-03,4554,2443,Serum & Pharma Corp,38f50c5b-9a42-4af1-b031-32babb5c47b5,RELEASED
6120934c-25da-4a03-a83f-01d617977b2c,LOT-2026-00140,94919613-9376-4475-98a4-f1b9f4d9830a,2025-02-18,2026-10-30,4476,1219,Serum & Pharma Corp,24fe0dbe-455f-431e-9ccb-31c13ea1ee3e,NEAR_EXPIRY
f63f6e67-6d40-42f4-8b37-b6ac1b29724d,LOT-2026-00141,b63d347c-6b83-4d04-bd6c-c7121f882ad8,2026-08-18,2027-12-17,3706,983,Serum & Pharma Corp,a4b70abc-ae12-45f7-8dc3-49390eeb354e,RELEASED
e724fd55-f95e-43ea-89e6-d77214dd8b82,LOT-2026-00142,b63d347c-6b83-4d04-bd6c-c7121f882ad8,2025-02-18,2026-11-10,1094,547,Serum & Pharma Corp,d9232cfb-c4f1-4e59-8121-2970b4908912,NEAR_EXPIRY
c05df190-d6f5-4ca8-bba1-bc593cec06f8,LOT-2026-00143,b63d347c-6b83-4d04-bd6c-c7121f882ad8,2026-06-27,2028-05-05,2786,1560,Serum & Pharma Corp,9661edfb-44f7-44b7-8277-f3cf478fe4ff,RELEASED
d4a110f1-b907-43f3-8a8d-50f0148c3749,LOT-2026-00144,b63d347c-6b83-4d04-bd6c-c7121f882ad8,2025-09-29,2026-11-17,4186,1814,Serum & Pharma Corp,8c9dd271-7fe2-4838-95b7-ecf6fb2d9d2c,NEAR_EXPIRY
35f429d6-c3b6-46fa-a12f-000f07c24845,LOT-2026-00145,b63d347c-6b83-4d04-bd6c-c7121f882ad8,2026-08-01,2028-02-28,779,397,Serum & Pharma Corp,4412a3ea-7898-42e2-8fb3-7afd57d7d349,RELEASED
5ae4579c-5854-47da-b65a-d2ee90876c2c,LOT-2026-00146,b63d347c-6b83-4d04-bd6c-c7121f882ad8,2026-05-20,2027-07-31,2821,2190,Serum & Pharma Corp,4efa322e-b7da-46a3-8997-0c5785d3443a,RELEASED
30acb565-482a-42a5-b33f-d90de30c1534,LOT-2026-00147,b63d347c-6b83-4d04-bd6c-c7121f882ad8,2026-08-12,2027-05-07,2506,869,Serum & Pharma Corp,5be0da05-9400-4be2-a7c4-424f68c6dee4,RELEASED
2558ff6f-dd86-4fb0-b568-dbcf7a67cfb5,LOT-2026-00148,b63d347c-6b83-4d04-bd6c-c7121f882ad8,2026-08-10,2028-08-31,1825,469,Serum & Pharma Corp,5e3c8af4-67c2-4470-912a-ecb7bb53f406,RELEASED
6e7e2002-650b-4276-a3dc-a3c55088d859,LOT-2026-00149,b63d347c-6b83-4d04-bd6c-c7121f882ad8,2026-05-20,2027-10-18,884,608,Serum & Pharma Corp,24fe0dbe-455f-431e-9ccb-31c13ea1ee3e,RELEASED
89e347a3-d0d5-4223-b924-c86023f81dd9,LOT-2026-00150,b63d347c-6b83-4d04-bd6c-c7121f882ad8,2026-04-06,2027-10-02,2351,485,Serum & Pharma Corp,5be0da05-9400-4be2-a7c4-424f68c6dee4,RELEASED
ac9afe61-37d8-42f4-b428-78044ac0860c,LOT-2026-00151,9803a437-fa88-4116-96d3-a2bfc7562817,2026-06-16,2027-04-19,1381,1008,Serum & Pharma Corp,deebacc1-8096-49c3-adbd-e050753ed64d,RELEASED
e5b5aa7f-73ef-4594-931f-8508e71f95fb,LOT-2026-00152,9803a437-fa88-4116-96d3-a2bfc7562817,2025-09-26,2026-11-13,2288,1576,Serum & Pharma Corp,4ae98cc1-cb3c-4e5f-b6cd-1f83ea5d4c77,NEAR_EXPIRY
f6f7f236-0719-4a61-9b8f-bd3105675feb,LOT-2026-00153,9803a437-fa88-4116-96d3-a2bfc7562817,2026-04-07,2027-07-16,4126,1152,Serum & Pharma Corp,38f50c5b-9a42-4af1-b031-32babb5c47b5,RELEASED
4ae06a44-ca64-481a-8693-455b7c3b39de,LOT-2026-00154,9803a437-fa88-4116-96d3-a2bfc7562817,2026-04-21,2028-05-03,4341,3626,Serum & Pharma Corp,9661edfb-44f7-44b7-8277-f3cf478fe4ff,RELEASED
82286954-c64e-458d-9711-47c9fb697cc6,LOT-2026-00155,9803a437-fa88-4116-96d3-a2bfc7562817,2026-05-06,2028-08-24,631,305,Serum & Pharma Corp,5be0da05-9400-4be2-a7c4-424f68c6dee4,RELEASED
a2d9e18a-dd44-47aa-8be0-e4dd06aa6bd6,LOT-2026-00156,9803a437-fa88-4116-96d3-a2bfc7562817,2026-06-29,2028-05-25,1999,983,Serum & Pharma Corp,e400d1d0-c992-4b6e-b9e4-1978eb1c1d37,RELEASED
6f4b8563-aceb-4e32-8531-74bfb06339db,LOT-2026-00157,9803a437-fa88-4116-96d3-a2bfc7562817,2025-09-16,2026-10-16,2348,1689,Serum & Pharma Corp,6c62826c-5647-4a14-bc5c-84f2cdfde6ae,NEAR_EXPIRY
e7e839bc-501b-4af7-bb25-d6911e3ace77,LOT-2026-00158,9803a437-fa88-4116-96d3-a2bfc7562817,2026-04-03,2027-09-05,1136,861,Serum & Pharma Corp,38f50c5b-9a42-4af1-b031-32babb5c47b5,RELEASED
9a0cdc33-d64c-4fdc-ab9b-278245403bc1,LOT-2026-00159,9803a437-fa88-4116-96d3-a2bfc7562817,2026-07-22,2027-10-31,4880,2188,Serum & Pharma Corp,deebacc1-8096-49c3-adbd-e050753ed64d,RELEASED
c17830a0-a63c-4b6d-939f-359ae77fd135,LOT-2026-00160,9803a437-fa88-4116-96d3-a2bfc7562817,2026-06-01,2027-11-11,4474,3536,Serum & Pharma Corp,52b26c2e-5540-42a1-a8c0-5f96b1a7df56,RELEASED
6342bfb9-2713-4cc9-a4de-32134944f301,LOT-2026-00161,bc80d818-aa1f-4582-a1b9-e204cb5c6783,2025-10-29,2026-10-30,1310,713,Serum & Pharma Corp,3148a08c-9795-4ef7-b51a-d8a942e504f9,NEAR_EXPIRY
02880cdf-6d8e-4c5c-a210-62272efa43c2,LOT-2026-00162,bc80d818-aa1f-4582-a1b9-e204cb5c6783,2025-03-29,2026-11-06,3446,2251,Serum & Pharma Corp,a4b70abc-ae12-45f7-8dc3-49390eeb354e,NEAR_EXPIRY
b4492455-0c3d-4197-841f-2aede9378c96,LOT-2026-00163,bc80d818-aa1f-4582-a1b9-e204cb5c6783,2026-05-24,2028-07-16,617,502,Serum & Pharma Corp,b007baa1-37d0-435d-88a2-b603e821f4e1,RELEASED
bbe6928b-0c09-4c83-9cc4-e7e9c92a9a4d,LOT-2026-00164,bc80d818-aa1f-4582-a1b9-e204cb5c6783,2026-07-13,2028-06-12,1967,514,Serum & Pharma Corp,5e3c8af4-67c2-4470-912a-ecb7bb53f406,RELEASED
23841345-f25d-462d-aa13-eb6e6950ca1b,LOT-2026-00165,bc80d818-aa1f-4582-a1b9-e204cb5c6783,2026-07-09,2027-05-27,4497,2660,Serum & Pharma Corp,b007baa1-37d0-435d-88a2-b603e821f4e1,RELEASED
8f469d6d-67aa-4187-9ad4-4094192755b3,LOT-2026-00166,bc80d818-aa1f-4582-a1b9-e204cb5c6783,2026-04-01,2028-03-24,3524,2583,Serum & Pharma Corp,5be0da05-9400-4be2-a7c4-424f68c6dee4,RELEASED
02577004-4af2-4fd1-a65b-c0b6bb44833e,LOT-2026-00167,bc80d818-aa1f-4582-a1b9-e204cb5c6783,2026-06-23,2027-10-02,1201,942,Serum & Pharma Corp,4412a3ea-7898-42e2-8fb3-7afd57d7d349,RELEASED
13fef98f-9dff-4b69-93da-b2541335e599,LOT-2026-00168,bc80d818-aa1f-4582-a1b9-e204cb5c6783,2025-10-31,2026-10-26,4963,1896,Serum & Pharma Corp,65300365-fddf-4f82-9622-06ddc4c773d5,NEAR_EXPIRY
de76a84e-dbe9-4cb5-b545-021ea57a28eb,LOT-2026-00169,bc80d818-aa1f-4582-a1b9-e204cb5c6783,2026-05-24,2028-04-10,4857,2836,Serum & Pharma Corp,38f50c5b-9a42-4af1-b031-32babb5c47b5,RELEASED
b0538868-9196-4664-8473-a53208811e13,LOT-2026-00170,bc80d818-aa1f-4582-a1b9-e204cb5c6783,2026-07-24,2027-06-04,3974,2008,Serum & Pharma Corp,4bd7ab0d-7a82-4e3f-a689-9d5bb57f24af,RELEASED
9fd8c809-80ae-42fa-acc2-6c4ebec75075,LOT-2026-00171,6a712ccd-a3a0-4092-8093-e0519a4b9c05,2026-08-12,2028-06-09,1076,577,Serum & Pharma Corp,ba01ba31-4727-4fae-ad1e-216f0c07e61c,RELEASED
0de0b470-a72c-4cb3-9ddc-87b8d40cd070,LOT-2026-00172,6a712ccd-a3a0-4092-8093-e0519a4b9c05,2026-08-13,2028-01-12,1388,751,Serum & Pharma Corp,a4b70abc-ae12-45f7-8dc3-49390eeb354e,RELEASED
3c897126-fbe6-4ca0-a348-c59585861762,LOT-2026-00173,6a712ccd-a3a0-4092-8093-e0519a4b9c05,2026-08-12,2027-08-16,2623,969,Serum & Pharma Corp,1dd19dd7-312d-48db-9235-3d33d6952c2e,RELEASED
b1711ef8-9f7d-4bdf-8ac1-cd933852bba1,LOT-2026-00174,6a712ccd-a3a0-4092-8093-e0519a4b9c05,2026-05-22,2028-09-01,2844,1261,Serum & Pharma Corp,4412a3ea-7898-42e2-8fb3-7afd57d7d349,RELEASED
a7a8f06b-730b-4fe1-b725-16c846feb650,LOT-2026-00175,6a712ccd-a3a0-4092-8093-e0519a4b9c05,2026-05-20,2028-06-11,850,255,Serum & Pharma Corp,3148a08c-9795-4ef7-b51a-d8a942e504f9,RELEASED
4fdfe20e-20a7-4ffb-9ea4-349436ffb9b2,LOT-2026-00176,6a712ccd-a3a0-4092-8093-e0519a4b9c05,2026-06-13,2028-03-17,4022,2342,Serum & Pharma Corp,6c62826c-5647-4a14-bc5c-84f2cdfde6ae,RELEASED
eca957fd-b379-475c-91cc-629f1ad0a67a,LOT-2026-00177,6a712ccd-a3a0-4092-8093-e0519a4b9c05,2026-07-21,2028-09-03,1457,682,Serum & Pharma Corp,8424e662-7291-4919-8616-aacf78358fd3,RELEASED
3d7922ae-1f3e-4ea2-ad54-b5c5da923e23,LOT-2026-00178,6a712ccd-a3a0-4092-8093-e0519a4b9c05,2026-08-09,2027-07-02,1327,1123,Serum & Pharma Corp,dfa22e57-5b54-457b-80ec-8692ae3d76fb,RELEASED
5963a874-6afa-486b-b9a3-fb0b014c8799,LOT-2026-00179,6a712ccd-a3a0-4092-8093-e0519a4b9c05,2026-06-03,2027-06-01,3576,2666,Serum & Pharma Corp,6c62826c-5647-4a14-bc5c-84f2cdfde6ae,RELEASED
79843139-cb6b-4cf7-8abf-ab7f822570de,LOT-2026-00180,6a712ccd-a3a0-4092-8093-e0519a4b9c05,2026-05-01,2027-08-05,1380,337,Serum & Pharma Corp,ba01ba31-4727-4fae-ad1e-216f0c07e61c,RELEASED
76d20fd7-f6c5-4b32-8a93-4de44e21bc3a,LOT-2026-00181,9a53231e-0e18-4d29-bdca-292c99ec84ba,2026-05-02,2027-12-05,999,617,Serum & Pharma Corp,1dd19dd7-312d-48db-9235-3d33d6952c2e,RELEASED
01ad98e6-8a41-4e16-981b-0760d2eb15d5,LOT-2026-00182,9a53231e-0e18-4d29-bdca-292c99ec84ba,2026-06-30,2027-06-21,2893,1641,Serum & Pharma Corp,3148a08c-9795-4ef7-b51a-d8a942e504f9,RELEASED
b7322a81-01e8-4bc7-8b64-f037f3a64ff4,LOT-2026-00183,9a53231e-0e18-4d29-bdca-292c99ec84ba,2026-04-09,2028-08-10,4756,3153,Serum & Pharma Corp,38f50c5b-9a42-4af1-b031-32babb5c47b5,RELEASED
9d0b1bb4-99fa-48d7-86a7-09ecbca68b64,LOT-2026-00184,9a53231e-0e18-4d29-bdca-292c99ec84ba,2025-03-17,2026-11-06,1946,1629,Serum & Pharma Corp,3ee58fbc-dd4d-4664-94e2-2e2e1d7f2de1,NEAR_EXPIRY
0325bc44-ec76-4d74-ab36-3cf5551d005a,LOT-2026-00185,9a53231e-0e18-4d29-bdca-292c99ec84ba,2026-06-23,2027-10-02,828,182,Serum & Pharma Corp,8424e662-7291-4919-8616-aacf78358fd3,RELEASED
b96addab-5486-489a-a1a5-8c4ffd68aa8d,LOT-2026-00186,9a53231e-0e18-4d29-bdca-292c99ec84ba,2026-08-04,2028-02-27,1892,510,Serum & Pharma Corp,9661edfb-44f7-44b7-8277-f3cf478fe4ff,RELEASED
84a835c0-f2d0-4e07-a762-18d54f2062c3,LOT-2026-00187,9a53231e-0e18-4d29-bdca-292c99ec84ba,2026-07-15,2027-08-02,1896,787,Serum & Pharma Corp,f4957732-1c15-480e-a95c-168c44e645f3,RELEASED
94cb0c7f-7287-401f-87da-c096ec0b0d34,LOT-2026-00188,9a53231e-0e18-4d29-bdca-292c99ec84ba,2026-08-23,2028-05-22,4275,1292,Serum & Pharma Corp,38f50c5b-9a42-4af1-b031-32babb5c47b5,RELEASED
0fb75dcf-e8ac-49d8-8504-0e58b79d799e,LOT-2026-00189,9a53231e-0e18-4d29-bdca-292c99ec84ba,2026-07-21,2027-12-01,4812,3365,Serum & Pharma Corp,38f50c5b-9a42-4af1-b031-32babb5c47b5,RELEASED
67c16de0-8215-4dad-951d-d0fb1fb01e1d,LOT-2026-00190,9a53231e-0e18-4d29-bdca-292c99ec84ba,2026-07-03,2027-04-27,570,355,Serum & Pharma Corp,c7a9dd13-87f4-463c-b2b9-621c5b778c49,RELEASED
7f35c6e9-b9b9-44a3-b6ec-5c0a4c03a2b4,LOT-2026-00191,0039f91e-39c5-486b-a312-c8b9c9dc9586,2025-09-15,2026-11-21,2307,1261,Serum & Pharma Corp,65300365-fddf-4f82-9622-06ddc4c773d5,NEAR_EXPIRY
81944926-e0e5-4d6d-881d-83f38a68d938,LOT-2026-00192,0039f91e-39c5-486b-a312-c8b9c9dc9586,2026-07-05,2028-08-05,4274,1227,Serum & Pharma Corp,1a119cae-1a63-436a-b4b4-7221f0e23bb8,RELEASED
65338b8f-ddf9-485f-91aa-3891b7d26223,LOT-2026-00193,0039f91e-39c5-486b-a312-c8b9c9dc9586,2025-06-08,2026-10-29,874,553,Serum & Pharma Corp,24fe0dbe-455f-431e-9ccb-31c13ea1ee3e,NEAR_EXPIRY
af078302-de8c-4775-b765-2d9f89276fcc,LOT-2026-00194,0039f91e-39c5-486b-a312-c8b9c9dc9586,2026-08-19,2028-07-01,3342,1568,Serum & Pharma Corp,a4b70abc-ae12-45f7-8dc3-49390eeb354e,RELEASED
a8e2dd59-4d8b-4539-a7b9-5f18f7f81a5c,LOT-2026-00195,0039f91e-39c5-486b-a312-c8b9c9dc9586,2026-08-07,2027-12-24,4843,1709,Serum & Pharma Corp,6c62826c-5647-4a14-bc5c-84f2cdfde6ae,RELEASED
0ea4220c-e58e-419c-8ac5-0b7f6e595428,LOT-2026-00196,0039f91e-39c5-486b-a312-c8b9c9dc9586,2026-05-11,2027-07-06,3345,2448,Serum & Pharma Corp,38f50c5b-9a42-4af1-b031-32babb5c47b5,RELEASED
8875939f-758e-4111-824d-8ba1d151915f,LOT-2026-00197,0039f91e-39c5-486b-a312-c8b9c9dc9586,2025-09-09,2026-11-23,1850,1059,Serum & Pharma Corp,3148a08c-9795-4ef7-b51a-d8a942e504f9,NEAR_EXPIRY
a88de704-dcb0-48a9-9a37-5f8b80306dcb,LOT-2026-00198,0039f91e-39c5-486b-a312-c8b9c9dc9586,2026-05-24,2028-06-17,2472,901,Serum & Pharma Corp,9661edfb-44f7-44b7-8277-f3cf478fe4ff,RELEASED
df634170-7d97-45e5-a88e-4cf609287bb2,LOT-2026-00199,0039f91e-39c5-486b-a312-c8b9c9dc9586,2026-06-16,2028-01-29,1610,662,Serum & Pharma Corp,8c9dd271-7fe2-4838-95b7-ecf6fb2d9d2c,RELEASED
f8fcbde3-135f-4f16-a182-1aeb1248bf76,LOT-2026-00200,0039f91e-39c5-486b-a312-c8b9c9dc9586,2026-04-01,2027-08-15,2470,681,Serum & Pharma Corp,dfa22e57-5b54-457b-80ec-8692ae3d76fb,RELEASED
cda5a040-1cd9-4b72-91e0-30677a6e4513,LOT-2026-00201,705ab241-d938-4ded-8eb5-490d149e246d,2026-08-23,2027-08-15,3735,3023,Serum & Pharma Corp,5be0da05-9400-4be2-a7c4-424f68c6dee4,RELEASED
fb2c33f8-b3fd-4d1e-a4a6-0a295b58c5b8,LOT-2026-00202,705ab241-d938-4ded-8eb5-490d149e246d,2026-07-31,2028-03-12,3750,1425,Serum & Pharma Corp,ba01ba31-4727-4fae-ad1e-216f0c07e61c,RELEASED
5c848db8-6e76-4c73-8cbe-fd11b2ce67c2,LOT-2026-00203,705ab241-d938-4ded-8eb5-490d149e246d,2026-07-11,2028-08-26,2233,583,Serum & Pharma Corp,c7a9dd13-87f4-463c-b2b9-621c5b778c49,RELEASED
a265160d-f0a2-4beb-bae1-452e4f54f351,LOT-2026-00204,705ab241-d938-4ded-8eb5-490d149e246d,2026-08-13,2027-11-06,4469,1293,Serum & Pharma Corp,4efa322e-b7da-46a3-8997-0c5785d3443a,RELEASED
947a8022-8990-47bc-88eb-49f11a973803,LOT-2026-00205,705ab241-d938-4ded-8eb5-490d149e246d,2025-02-19,2026-10-16,2109,1506,Serum & Pharma Corp,5e3c8af4-67c2-4470-912a-ecb7bb53f406,NEAR_EXPIRY
38ea838b-9ec2-44c9-b7d8-1ac4ed0aef97,LOT-2026-00206,705ab241-d938-4ded-8eb5-490d149e246d,2026-07-21,2027-06-23,1525,691,Serum & Pharma Corp,4bd7ab0d-7a82-4e3f-a689-9d5bb57f24af,RELEASED
e487d03b-5300-4ea0-a6b6-7acaefd3adb8,LOT-2026-00207,705ab241-d938-4ded-8eb5-490d149e246d,2025-11-16,2026-11-17,3427,1640,Serum & Pharma Corp,ba01ba31-4727-4fae-ad1e-216f0c07e61c,NEAR_EXPIRY
b45aeb7e-ecb7-49ad-8ebd-e1a3c59a297d,LOT-2026-00208,705ab241-d938-4ded-8eb5-490d149e246d,2025-02-21,2026-10-15,2320,1343,Serum & Pharma Corp,6c62826c-5647-4a14-bc5c-84f2cdfde6ae,NEAR_EXPIRY
d27cbe15-2b05-4c1b-83f1-ddf173db59a7,LOT-2026-00209,705ab241-d938-4ded-8eb5-490d149e246d,2026-06-10,2028-05-26,3606,1860,Serum & Pharma Corp,f4957732-1c15-480e-a95c-168c44e645f3,RELEASED
2d7894ba-5f9d-4168-ad22-03d27d99d46a,LOT-2026-00210,705ab241-d938-4ded-8eb5-490d149e246d,2025-10-04,2026-10-16,2585,1043,Serum & Pharma Corp,4bd7ab0d-7a82-4e3f-a689-9d5bb57f24af,NEAR_EXPIRY
977d46a8-a4a8-4297-a327-e41821770f7f,LOT-2026-00211,39ae9f0f-2ef6-46b0-a854-c066edf9f984,2025-08-16,2026-10-29,3601,1854,Serum & Pharma Corp,3148a08c-9795-4ef7-b51a-d8a942e504f9,NEAR_EXPIRY
b508267a-2d28-48be-87d4-363ebb3a9dd2,LOT-2026-00212,39ae9f0f-2ef6-46b0-a854-c066edf9f984,2026-08-04,2027-09-02,3921,3287,Serum & Pharma Corp,0395b295-1937-4d01-9a55-8c1628ca811e,RELEASED
a5ffdb9f-9fbf-44cb-8f91-e62dcef727eb,LOT-2026-00213,39ae9f0f-2ef6-46b0-a854-c066edf9f984,2026-05-20,2028-01-11,3992,2538,Serum & Pharma Corp,ba01ba31-4727-4fae-ad1e-216f0c07e61c,RELEASED
af5e2188-4e32-4596-8956-a3ad4662f127,LOT-2026-00214,39ae9f0f-2ef6-46b0-a854-c066edf9f984,2026-05-15,2028-08-17,2914,2212,Serum & Pharma Corp,f4957732-1c15-480e-a95c-168c44e645f3,RELEASED
8433ff08-e425-4c5a-9e38-bd662ba9273d,LOT-2026-00215,39ae9f0f-2ef6-46b0-a854-c066edf9f984,2025-10-09,2026-11-17,1679,830,Serum & Pharma Corp,d9232cfb-c4f1-4e59-8121-2970b4908912,NEAR_EXPIRY
8f839b95-aa96-45a7-b77b-01cfbd5a9da4,LOT-2026-00216,39ae9f0f-2ef6-46b0-a854-c066edf9f984,2026-05-02,2028-09-08,4525,2539,Serum & Pharma Corp,deebacc1-8096-49c3-adbd-e050753ed64d,RELEASED
51d155b5-6708-44f0-9173-8214995c2526,LOT-2026-00217,39ae9f0f-2ef6-46b0-a854-c066edf9f984,2026-08-09,2027-11-11,4698,1174,Serum & Pharma Corp,65300365-fddf-4f82-9622-06ddc4c773d5,RELEASED
a5dfcfb2-cb0e-4a0c-8d58-d74b77c5c2b2,LOT-2026-00218,39ae9f0f-2ef6-46b0-a854-c066edf9f984,2026-08-16,2028-05-20,753,565,Serum & Pharma Corp,dfa22e57-5b54-457b-80ec-8692ae3d76fb,RELEASED
48298c0d-64d3-448c-bdb2-9cfb774aa0f7,LOT-2026-00219,39ae9f0f-2ef6-46b0-a854-c066edf9f984,2026-06-08,2027-11-23,1547,1026,Serum & Pharma Corp,c7a9dd13-87f4-463c-b2b9-621c5b778c49,RELEASED
1fccd552-a92d-4adf-acc1-257bb59e4f3a,LOT-2026-00220,39ae9f0f-2ef6-46b0-a854-c066edf9f984,2025-02-23,2026-10-17,682,438,Serum & Pharma Corp,1dd19dd7-312d-48db-9235-3d33d6952c2e,NEAR_EXPIRY
8863703a-5d5c-4412-90bd-fc7439003675,LOT-2026-00221,fa5ffa93-f596-4eda-89a1-683228d89e75,2026-06-24,2027-11-05,851,387,Serum & Pharma Corp,deebacc1-8096-49c3-adbd-e050753ed64d,RELEASED
c0bd99b1-03b7-48c9-95b2-1ee11cdbda35,LOT-2026-00222,fa5ffa93-f596-4eda-89a1-683228d89e75,2026-05-31,2028-05-23,4849,2314,Serum & Pharma Corp,daceb465-bb39-4f15-8e6d-00a26b0b331e,RELEASED
b064993b-fca5-4066-a912-863ccbd05d8b,LOT-2026-00223,fa5ffa93-f596-4eda-89a1-683228d89e75,2026-08-14,2028-08-16,2638,736,Serum & Pharma Corp,52b26c2e-5540-42a1-a8c0-5f96b1a7df56,RELEASED
c86877ed-f7bd-4884-801d-7f465afb0777,LOT-2026-00224,fa5ffa93-f596-4eda-89a1-683228d89e75,2026-07-21,2027-08-28,3212,1366,Serum & Pharma Corp,dfa22e57-5b54-457b-80ec-8692ae3d76fb,RELEASED
3b603ebe-74af-4852-ba89-414db93a67f6,LOT-2026-00225,fa5ffa93-f596-4eda-89a1-683228d89e75,2026-07-02,2028-05-31,4502,1100,Serum & Pharma Corp,ba01ba31-4727-4fae-ad1e-216f0c07e61c,RELEASED
0e9b42ca-1530-4ca6-ae8a-06dd00400c26,LOT-2026-00226,fa5ffa93-f596-4eda-89a1-683228d89e75,2026-08-05,2028-05-10,2073,1045,Serum & Pharma Corp,3148a08c-9795-4ef7-b51a-d8a942e504f9,RELEASED
9c549778-f90d-4c52-82ef-7866b038c9bf,LOT-2026-00227,fa5ffa93-f596-4eda-89a1-683228d89e75,2026-06-22,2027-07-14,4619,3511,Serum & Pharma Corp,9661edfb-44f7-44b7-8277-f3cf478fe4ff,RELEASED
7854a0ba-2fd1-463e-8f03-0be2739d9284,LOT-2026-00228,fa5ffa93-f596-4eda-89a1-683228d89e75,2026-08-11,2027-09-14,3105,693,Serum & Pharma Corp,ba01ba31-4727-4fae-ad1e-216f0c07e61c,RELEASED
f1827acf-f150-49c7-83bb-aa13fac13ef3,LOT-2026-00229,fa5ffa93-f596-4eda-89a1-683228d89e75,2026-08-16,2027-12-18,610,467,Serum & Pharma Corp,e400d1d0-c992-4b6e-b9e4-1978eb1c1d37,RELEASED
26e998cb-3d24-4eb2-9fc1-9a2262d3c077,LOT-2026-00230,fa5ffa93-f596-4eda-89a1-683228d89e75,2026-06-14,2027-07-17,4958,3229,Serum & Pharma Corp,52b26c2e-5540-42a1-a8c0-5f96b1a7df56,RELEASED
db445ad6-2d84-4823-b2f7-d37a73b4bd5b,LOT-2026-00231,01784c47-9315-4127-9c05-27a071585e68,2026-08-01,2028-06-30,3986,2690,Serum & Pharma Corp,f4957732-1c15-480e-a95c-168c44e645f3,RELEASED
a68095ef-720b-488b-bb40-442f058e131b,LOT-2026-00232,01784c47-9315-4127-9c05-27a071585e68,2026-03-29,2028-06-11,2362,1206,Serum & Pharma Corp,5e3c8af4-67c2-4470-912a-ecb7bb53f406,RELEASED
de9a3575-1f93-445e-8e3f-66d59c52bce5,LOT-2026-00233,01784c47-9315-4127-9c05-27a071585e68,2026-08-21,2027-10-27,4283,2542,Serum & Pharma Corp,daceb465-bb39-4f15-8e6d-00a26b0b331e,RELEASED
66147f5a-58d0-4280-93cf-1747efc71ebf,LOT-2026-00234,01784c47-9315-4127-9c05-27a071585e68,2025-10-17,2026-10-31,2225,1053,Serum & Pharma Corp,38f50c5b-9a42-4af1-b031-32babb5c47b5,NEAR_EXPIRY
f859fd98-5d0e-4b96-b2ec-1cf79ed52974,LOT-2026-00235,01784c47-9315-4127-9c05-27a071585e68,2026-06-03,2028-01-17,3056,1649,Serum & Pharma Corp,9661edfb-44f7-44b7-8277-f3cf478fe4ff,RELEASED
6bb2b478-d027-4564-b89b-737249bb4db3,LOT-2026-00236,01784c47-9315-4127-9c05-27a071585e68,2026-05-18,2027-05-21,2193,1345,Serum & Pharma Corp,1dd19dd7-312d-48db-9235-3d33d6952c2e,RELEASED
951defe5-54ea-4c17-9617-a497bfec5fba,LOT-2026-00237,01784c47-9315-4127-9c05-27a071585e68,2026-08-19,2027-04-06,760,220,Serum & Pharma Corp,4efa322e-b7da-46a3-8997-0c5785d3443a,RELEASED
ae2d92fb-410d-4364-a27f-72e2bb52d070,LOT-2026-00238,01784c47-9315-4127-9c05-27a071585e68,2026-05-18,2028-01-11,2176,545,Serum & Pharma Corp,f4957732-1c15-480e-a95c-168c44e645f3,RELEASED
05fcc7c3-5d5c-4a63-a6aa-0f8e0a3dbec4,LOT-2026-00239,01784c47-9315-4127-9c05-27a071585e68,2026-07-15,2028-07-19,856,530,Serum & Pharma Corp,5be0da05-9400-4be2-a7c4-424f68c6dee4,RELEASED
1518d0b0-e6ef-499b-a4e1-d54d8d958ebb,LOT-2026-00240,01784c47-9315-4127-9c05-27a071585e68,2025-02-26,2026-11-16,804,219,Serum & Pharma Corp,0395b295-1937-4d01-9a55-8c1628ca811e,NEAR_EXPIRY
f30f82aa-a28e-4349-9c72-6bc438eea192,LOT-2026-00241,66d7d7ef-9422-43f8-847b-fb99071897d8,2026-04-16,2028-03-04,1396,1022,Serum & Pharma Corp,4efa322e-b7da-46a3-8997-0c5785d3443a,RELEASED
d1774a09-61d3-4db6-82a2-7bf4848280c6,LOT-2026-00242,66d7d7ef-9422-43f8-847b-fb99071897d8,2025-07-26,2026-11-19,2477,1450,Serum & Pharma Corp,6c62826c-5647-4a14-bc5c-84f2cdfde6ae,NEAR_EXPIRY
b584c630-367b-4d40-b559-fb1d0ff49669,LOT-2026-00243,66d7d7ef-9422-43f8-847b-fb99071897d8,2026-07-04,2027-11-11,1788,1084,Serum & Pharma Corp,b007baa1-37d0-435d-88a2-b603e821f4e1,RELEASED
6a701ae9-1617-4498-aae1-0948689ffcf7,LOT-2026-00244,66d7d7ef-9422-43f8-847b-fb99071897d8,2026-08-18,2027-09-28,4907,2695,Serum & Pharma Corp,e400d1d0-c992-4b6e-b9e4-1978eb1c1d37,RELEASED
b6968b00-92bc-424b-b41e-fced718b28ef,LOT-2026-00245,66d7d7ef-9422-43f8-847b-fb99071897d8,2026-08-25,2027-07-01,4239,2722,Serum & Pharma Corp,d9232cfb-c4f1-4e59-8121-2970b4908912,RELEASED
58e978e5-53bc-47ca-8bff-d18bb7d9c538,LOT-2026-00246,66d7d7ef-9422-43f8-847b-fb99071897d8,2026-05-10,2028-06-07,4035,1757,Serum & Pharma Corp,5be0da05-9400-4be2-a7c4-424f68c6dee4,RELEASED
7f928a17-4811-423e-b47c-bcd9c6dd49f2,LOT-2026-00247,66d7d7ef-9422-43f8-847b-fb99071897d8,2026-08-08,2027-09-22,2366,1368,Serum & Pharma Corp,e400d1d0-c992-4b6e-b9e4-1978eb1c1d37,RELEASED
68b29229-9127-4652-995a-5f763a542237,LOT-2026-00248,66d7d7ef-9422-43f8-847b-fb99071897d8,2026-07-07,2028-01-24,2224,1863,Serum & Pharma Corp,3148a08c-9795-4ef7-b51a-d8a942e504f9,RELEASED
34e58481-5b1e-4c0a-9516-f69b654b387a,LOT-2026-00249,66d7d7ef-9422-43f8-847b-fb99071897d8,2026-04-25,2028-06-05,2823,1510,Serum & Pharma Corp,f4957732-1c15-480e-a95c-168c44e645f3,RELEASED
4e7cf8fa-49a2-40b8-ae62-72cdde449690,LOT-2026-00250,66d7d7ef-9422-43f8-847b-fb99071897d8,2026-05-21,2028-01-24,3618,2431,Serum & Pharma Corp,8424e662-7291-4919-8616-aacf78358fd3,RELEASED
0a9078a2-aad4-449a-b462-cea49f053b37,LOT-2026-00251,f1813e98-4204-47e6-b9ba-d3aa93a3b684,2025-08-23,2026-11-12,692,457,Serum & Pharma Corp,9661edfb-44f7-44b7-8277-f3cf478fe4ff,NEAR_EXPIRY
ea84c186-b469-4884-a2ec-e303bc7b46c3,LOT-2026-00252,f1813e98-4204-47e6-b9ba-d3aa93a3b684,2026-05-21,2028-03-18,2294,1449,Serum & Pharma Corp,24fe0dbe-455f-431e-9ccb-31c13ea1ee3e,RELEASED
71512145-5223-4c40-9ffb-2db44563d2b4,LOT-2026-00253,f1813e98-4204-47e6-b9ba-d3aa93a3b684,2026-04-16,2028-01-26,3226,2457,Serum & Pharma Corp,8424e662-7291-4919-8616-aacf78358fd3,RELEASED
672a3f42-9475-434c-a7af-7155dac4ba62,LOT-2026-00254,f1813e98-4204-47e6-b9ba-d3aa93a3b684,2026-07-26,2028-05-17,3443,2882,Serum & Pharma Corp,daceb465-bb39-4f15-8e6d-00a26b0b331e,RELEASED
a2cbc508-2bbb-44d1-9bf3-3a5316f7860f,LOT-2026-00255,f1813e98-4204-47e6-b9ba-d3aa93a3b684,2026-04-26,2027-12-29,2224,1722,Serum & Pharma Corp,e400d1d0-c992-4b6e-b9e4-1978eb1c1d37,RELEASED
d489020f-6313-4e3e-b0b4-9aa08fce84b5,LOT-2026-00256,f1813e98-4204-47e6-b9ba-d3aa93a3b684,2026-08-21,2028-07-24,1046,342,Serum & Pharma Corp,deebacc1-8096-49c3-adbd-e050753ed64d,RELEASED
7e00315d-a2e3-41d6-8e25-9ad820b263f5,LOT-2026-00257,f1813e98-4204-47e6-b9ba-d3aa93a3b684,2026-06-11,2027-10-20,3196,743,Serum & Pharma Corp,65300365-fddf-4f82-9622-06ddc4c773d5,RELEASED
5bd79e6e-c315-4abf-84e9-b4ac2d8ebcc9,LOT-2026-00258,f1813e98-4204-47e6-b9ba-d3aa93a3b684,2025-11-25,2026-11-14,3191,1844,Serum & Pharma Corp,52b26c2e-5540-42a1-a8c0-5f96b1a7df56,NEAR_EXPIRY
213dc087-ca86-4444-8359-a1985d14c56f,LOT-2026-00259,f1813e98-4204-47e6-b9ba-d3aa93a3b684,2026-07-30,2028-01-24,2683,742,Serum & Pharma Corp,e400d1d0-c992-4b6e-b9e4-1978eb1c1d37,RELEASED
32ba38d8-e2c6-49f5-95ec-b7b4a320101a,LOT-2026-00260,f1813e98-4204-47e6-b9ba-d3aa93a3b684,2026-07-04,2028-08-09,3538,2588,Serum & Pharma Corp,4efa322e-b7da-46a3-8997-0c5785d3443a,RELEASED
fb6b42a8-9022-4d4d-83ac-1b173a9eab66,LOT-2026-00261,01cd046f-95fc-4dea-9678-599982917387,2026-04-18,2027-09-04,2158,1539,Serum & Pharma Corp,1dd19dd7-312d-48db-9235-3d33d6952c2e,RELEASED
83e959f9-51d9-4bea-b444-dfca4f248666,LOT-2026-00262,01cd046f-95fc-4dea-9678-599982917387,2025-06-23,2026-11-18,3053,2151,Serum & Pharma Corp,e400d1d0-c992-4b6e-b9e4-1978eb1c1d37,NEAR_EXPIRY
74d07b4c-d7b3-4fdb-a0f3-e6ee86a7148f,LOT-2026-00263,01cd046f-95fc-4dea-9678-599982917387,2026-04-26,2027-10-24,3267,1715,Serum & Pharma Corp,6c62826c-5647-4a14-bc5c-84f2cdfde6ae,RELEASED
95559078-349c-4186-bcea-dfab68003f01,LOT-2026-00264,01cd046f-95fc-4dea-9678-599982917387,2026-05-06,2028-05-22,655,422,Serum & Pharma Corp,52b26c2e-5540-42a1-a8c0-5f96b1a7df56,RELEASED
c369423c-4c1a-47b9-b9a9-2314fe339c80,LOT-2026-00265,01cd046f-95fc-4dea-9678-599982917387,2026-05-03,2028-05-04,1968,1115,Serum & Pharma Corp,f4957732-1c15-480e-a95c-168c44e645f3,RELEASED
164ce39f-5491-4ca8-bd71-dc0b26f289c3,LOT-2026-00266,01cd046f-95fc-4dea-9678-599982917387,2025-09-19,2026-10-15,1370,710,Serum & Pharma Corp,38f50c5b-9a42-4af1-b031-32babb5c47b5,NEAR_EXPIRY
b4842ab4-b8c8-4f28-bbe5-408a16f20a02,LOT-2026-00267,01cd046f-95fc-4dea-9678-599982917387,2026-05-24,2028-05-29,3153,2270,Serum & Pharma Corp,5be0da05-9400-4be2-a7c4-424f68c6dee4,RELEASED
5d7959ae-9115-46d6-a4d4-db45f4acd306,LOT-2026-00268,01cd046f-95fc-4dea-9678-599982917387,2026-08-04,2028-07-19,1472,336,Serum & Pharma Corp,38f50c5b-9a42-4af1-b031-32babb5c47b5,RELEASED
cb94c73a-4cd2-4bc0-9355-1c1ce831f370,LOT-2026-00269,01cd046f-95fc-4dea-9678-599982917387,2026-04-16,2028-06-01,572,467,Serum & Pharma Corp,3148a08c-9795-4ef7-b51a-d8a942e504f9,RELEASED
7b29e566-0eea-4139-bdf8-d3bd4500bb3a,LOT-2026-00270,01cd046f-95fc-4dea-9678-599982917387,2026-06-17,2027-06-15,1882,725,Serum & Pharma Corp,52b26c2e-5540-42a1-a8c0-5f96b1a7df56,RELEASED
d4a4fe62-7046-48ac-9aca-f451f3238659,LOT-2026-00271,3605d6b5-0472-431a-ad3f-f0e4192961cd,2026-06-17,2028-06-26,3803,940,Serum & Pharma Corp,65300365-fddf-4f82-9622-06ddc4c773d5,RELEASED
7a38091a-bca6-48af-bdb8-e32a1a9a3e3c,LOT-2026-00272,3605d6b5-0472-431a-ad3f-f0e4192961cd,2026-04-04,2028-03-17,3670,2514,Serum & Pharma Corp,52b26c2e-5540-42a1-a8c0-5f96b1a7df56,RELEASED
672538b7-8871-413c-b084-d868141c2731,LOT-2026-00273,3605d6b5-0472-431a-ad3f-f0e4192961cd,2026-05-04,2027-09-27,3964,1043,Serum & Pharma Corp,3ee58fbc-dd4d-4664-94e2-2e2e1d7f2de1,RELEASED
01d7fb5b-8c6e-4dd0-9934-eaafafa68049,LOT-2026-00274,3605d6b5-0472-431a-ad3f-f0e4192961cd,2026-03-31,2028-06-22,4279,2698,Serum & Pharma Corp,4efa322e-b7da-46a3-8997-0c5785d3443a,RELEASED
1da8ff90-f57e-44c1-b721-788bf84aee39,LOT-2026-00275,3605d6b5-0472-431a-ad3f-f0e4192961cd,2025-09-21,2026-11-04,4155,2190,Serum & Pharma Corp,8c9dd271-7fe2-4838-95b7-ecf6fb2d9d2c,NEAR_EXPIRY
99768a48-8972-4e44-b284-05be848fa970,LOT-2026-00276,3605d6b5-0472-431a-ad3f-f0e4192961cd,2026-07-09,2028-08-14,1247,893,Serum & Pharma Corp,4bd7ab0d-7a82-4e3f-a689-9d5bb57f24af,RELEASED
e3efa2f4-0354-4bc1-a968-1eab63bebd63,LOT-2026-00277,3605d6b5-0472-431a-ad3f-f0e4192961cd,2026-05-09,2028-05-11,1484,714,Serum & Pharma Corp,9661edfb-44f7-44b7-8277-f3cf478fe4ff,RELEASED
73c1a3a7-4def-49f1-bf77-3d81012f02ef,LOT-2026-00278,3605d6b5-0472-431a-ad3f-f0e4192961cd,2026-07-11,2028-07-06,3152,1767,Serum & Pharma Corp,dfa22e57-5b54-457b-80ec-8692ae3d76fb,RELEASED
3453a781-d7fc-4789-a4d0-b8be93bd99ba,LOT-2026-00279,3605d6b5-0472-431a-ad3f-f0e4192961cd,2026-04-05,2028-04-21,2172,1439,Serum & Pharma Corp,1dd19dd7-312d-48db-9235-3d33d6952c2e,RELEASED
3aa788f7-30a8-468c-b751-4c3366a6678e,LOT-2026-00280,3605d6b5-0472-431a-ad3f-f0e4192961cd,2026-04-05,2028-06-12,1683,738,Serum & Pharma Corp,4bd7ab0d-7a82-4e3f-a689-9d5bb57f24af,RELEASED
0591be1c-0af7-48be-a7a3-242dbfe6a353,LOT-2026-00281,036236bd-b018-4ef5-a638-51d9eb2cf63b,2026-05-27,2028-01-18,607,308,Serum & Pharma Corp,6c62826c-5647-4a14-bc5c-84f2cdfde6ae,RELEASED
71b4f1a5-426b-4949-a3a7-f34d93a5ce4b,LOT-2026-00282,036236bd-b018-4ef5-a638-51d9eb2cf63b,2026-07-30,2028-06-19,1864,750,Serum & Pharma Corp,d9232cfb-c4f1-4e59-8121-2970b4908912,RELEASED
f921035c-eb30-4b1d-b842-01a054de3c3a,LOT-2026-00283,036236bd-b018-4ef5-a638-51d9eb2cf63b,2025-02-16,2026-11-05,4872,3366,Serum & Pharma Corp,d9232cfb-c4f1-4e59-8121-2970b4908912,NEAR_EXPIRY
cff05b19-3a64-4614-9923-5198fa9dae64,LOT-2026-00284,036236bd-b018-4ef5-a638-51d9eb2cf63b,2026-06-14,2028-07-23,1919,494,Serum & Pharma Corp,f4957732-1c15-480e-a95c-168c44e645f3,RELEASED
021f4ec9-fc91-4ff8-aab4-8dc1c82f47e5,LOT-2026-00285,036236bd-b018-4ef5-a638-51d9eb2cf63b,2025-09-08,2026-11-21,1622,664,Serum & Pharma Corp,24fe0dbe-455f-431e-9ccb-31c13ea1ee3e,NEAR_EXPIRY
cfee00dd-67d4-4f79-816d-923511e8f366,LOT-2026-00286,036236bd-b018-4ef5-a638-51d9eb2cf63b,2026-08-09,2028-02-29,1040,844,Serum & Pharma Corp,1a119cae-1a63-436a-b4b4-7221f0e23bb8,RELEASED
b88f40fb-1757-4505-ae99-4adef9f27c2d,LOT-2026-00287,036236bd-b018-4ef5-a638-51d9eb2cf63b,2025-09-16,2026-11-08,1881,650,Serum & Pharma Corp,e400d1d0-c992-4b6e-b9e4-1978eb1c1d37,NEAR_EXPIRY
d434c309-a346-4b3b-ba30-459c8973d2a9,LOT-2026-00288,036236bd-b018-4ef5-a638-51d9eb2cf63b,2026-07-04,2027-11-27,1120,412,Serum & Pharma Corp,24fe0dbe-455f-431e-9ccb-31c13ea1ee3e,RELEASED
50719a64-95be-4133-9078-bf4938fbfe5c,LOT-2026-00289,036236bd-b018-4ef5-a638-51d9eb2cf63b,2026-05-08,2027-04-18,1225,812,Serum & Pharma Corp,b007baa1-37d0-435d-88a2-b603e821f4e1,RELEASED
163d918d-4926-4d54-a2a2-20f2f356927c,LOT-2026-00290,036236bd-b018-4ef5-a638-51d9eb2cf63b,2026-04-28,2028-03-30,791,620,Serum & Pharma Corp,65300365-fddf-4f82-9622-06ddc4c773d5,RELEASED
4d8bc6aa-54d8-4401-b7ee-64033b2c2b4b,LOT-2026-00291,754d3a11-7747-40c8-af49-b24454d8d20a,2026-04-25,2027-10-22,3573,1408,Serum & Pharma Corp,a4b70abc-ae12-45f7-8dc3-49390eeb354e,RELEASED
4bda078b-b2da-4555-a294-94937ae8d1c8,LOT-2026-00292,754d3a11-7747-40c8-af49-b24454d8d20a,2026-05-04,2028-02-01,1905,850,Serum & Pharma Corp,a4b70abc-ae12-45f7-8dc3-49390eeb354e,RELEASED
48625762-b58c-409d-8575-605983fa880b,LOT-2026-00293,754d3a11-7747-40c8-af49-b24454d8d20a,2025-03-13,2026-10-29,4697,3358,Serum & Pharma Corp,4412a3ea-7898-42e2-8fb3-7afd57d7d349,NEAR_EXPIRY
83db4092-85d7-4ba7-a07a-1e4d6fac0e96,LOT-2026-00294,754d3a11-7747-40c8-af49-b24454d8d20a,2026-04-20,2027-04-01,3201,2641,Serum & Pharma Corp,5be0da05-9400-4be2-a7c4-424f68c6dee4,RELEASED
03b51c39-7933-49b7-aeb6-af883a98ad16,LOT-2026-00295,754d3a11-7747-40c8-af49-b24454d8d20a,2026-05-17,2027-05-04,4630,1500,Serum & Pharma Corp,deebacc1-8096-49c3-adbd-e050753ed64d,RELEASED
1b9c3e25-7248-4f0c-b84f-b10527309f3a,LOT-2026-00296,754d3a11-7747-40c8-af49-b24454d8d20a,2026-07-28,2027-05-19,2980,841,Serum & Pharma Corp,c7a9dd13-87f4-463c-b2b9-621c5b778c49,RELEASED
8b4e4a3c-e506-46a8-ae2d-699c7f1e5c3f,LOT-2026-00297,754d3a11-7747-40c8-af49-b24454d8d20a,2026-06-03,2028-01-22,2033,1588,Serum & Pharma Corp,f4957732-1c15-480e-a95c-168c44e645f3,RELEASED
10e07b2d-8562-432d-a705-a894fde1db85,LOT-2026-00298,754d3a11-7747-40c8-af49-b24454d8d20a,2025-05-06,2026-11-13,2867,1907,Serum & Pharma Corp,38f50c5b-9a42-4af1-b031-32babb5c47b5,NEAR_EXPIRY
8b1a223f-2984-4209-86e2-e9bc0362cdd5,LOT-2026-00299,754d3a11-7747-40c8-af49-b24454d8d20a,2026-05-08,2028-06-21,1768,1141,Serum & Pharma Corp,e400d1d0-c992-4b6e-b9e4-1978eb1c1d37,RELEASED
9703a1c9-a42f-400b-94a8-dec0b693e730,LOT-2026-00300,754d3a11-7747-40c8-af49-b24454d8d20a,2026-06-30,2028-05-11,993,765,Serum & Pharma Corp,4bd7ab0d-7a82-4e3f-a689-9d5bb57f24af,RELEASED
9dc26a04-2525-456d-9914-e32d65abd1f6,LOT-2026-00301,2f34b1c3-52bf-4ce9-80d9-682a0debc38b,2026-07-30,2027-10-14,3832,3185,Serum & Pharma Corp,3ee58fbc-dd4d-4664-94e2-2e2e1d7f2de1,RELEASED
8b1a8311-a52f-4f74-9693-1d7bbbc81413,LOT-2026-00302,2f34b1c3-52bf-4ce9-80d9-682a0debc38b,2026-08-20,2028-06-13,4093,2121,Serum & Pharma Corp,b007baa1-37d0-435d-88a2-b603e821f4e1,RELEASED
5a5edb30-ab75-4008-bb65-604b575d92bd,LOT-2026-00303,2f34b1c3-52bf-4ce9-80d9-682a0debc38b,2026-06-27,2028-03-10,2690,2156,Serum & Pharma Corp,a4b70abc-ae12-45f7-8dc3-49390eeb354e,RELEASED
9ebfa319-65ff-451b-a1aa-9b04e2044993,LOT-2026-00304,2f34b1c3-52bf-4ce9-80d9-682a0debc38b,2026-06-29,2027-05-06,4749,1304,Serum & Pharma Corp,d9232cfb-c4f1-4e59-8121-2970b4908912,RELEASED
f423b09c-e410-4787-bb42-8fd4b51a9d1f,LOT-2026-00305,2f34b1c3-52bf-4ce9-80d9-682a0debc38b,2026-04-27,2027-11-06,2350,1054,Serum & Pharma Corp,5e3c8af4-67c2-4470-912a-ecb7bb53f406,RELEASED
0388d27e-0acd-4e5f-ad4a-a3066384b4a4,LOT-2026-00306,2f34b1c3-52bf-4ce9-80d9-682a0debc38b,2026-06-12,2027-06-12,2214,1139,Serum & Pharma Corp,dfa22e57-5b54-457b-80ec-8692ae3d76fb,RELEASED
6fa524da-f86e-4bec-85fc-db3d44eef4d3,LOT-2026-00307,2f34b1c3-52bf-4ce9-80d9-682a0debc38b,2025-06-04,2026-11-22,4326,1244,Serum & Pharma Corp,0395b295-1937-4d01-9a55-8c1628ca811e,NEAR_EXPIRY
207ba85f-78a8-48f4-9d1f-6fd15ff825d3,LOT-2026-00308,2f34b1c3-52bf-4ce9-80d9-682a0debc38b,2026-04-26,2027-10-29,3850,2166,Serum & Pharma Corp,38f50c5b-9a42-4af1-b031-32babb5c47b5,RELEASED
d23aecd7-22c5-4167-9d61-14bd958552fd,LOT-2026-00309,2f34b1c3-52bf-4ce9-80d9-682a0debc38b,2026-06-12,2028-04-13,2796,1844,Serum & Pharma Corp,3148a08c-9795-4ef7-b51a-d8a942e504f9,RELEASED
e8d40c8b-908f-4c52-b876-2684a99eee11,LOT-2026-00310,2f34b1c3-52bf-4ce9-80d9-682a0debc38b,2026-06-19,2028-06-30,1392,494,Serum & Pharma Corp,3ee58fbc-dd4d-4664-94e2-2e2e1d7f2de1,RELEASED
9ff37b44-749e-4b4d-87bd-b216f66bae88,LOT-2026-00311,08e8db94-8cfc-4dc3-869b-bb5af9bb9352,2026-08-08,2028-02-26,998,615,Serum & Pharma Corp,24fe0dbe-455f-431e-9ccb-31c13ea1ee3e,RELEASED
d4468fc7-d9f5-414f-b04e-2ab9f00458da,LOT-2026-00312,08e8db94-8cfc-4dc3-869b-bb5af9bb9352,2026-06-17,2027-12-07,771,411,Serum & Pharma Corp,1a119cae-1a63-436a-b4b4-7221f0e23bb8,RELEASED
8207c09d-d6cf-432a-b515-5b3c48a78580,LOT-2026-00313,08e8db94-8cfc-4dc3-869b-bb5af9bb9352,2025-08-23,2026-11-08,4154,1791,Serum & Pharma Corp,4bd7ab0d-7a82-4e3f-a689-9d5bb57f24af,NEAR_EXPIRY
bd176989-49e3-493e-bdcc-d4878450a525,LOT-2026-00314,08e8db94-8cfc-4dc3-869b-bb5af9bb9352,2025-09-07,2026-11-14,4302,2698,Serum & Pharma Corp,3aa8a907-2778-4339-8b1f-5849cad16428,NEAR_EXPIRY
3f07466d-a50c-4095-bac3-f264d2cdcad5,LOT-2026-00315,08e8db94-8cfc-4dc3-869b-bb5af9bb9352,2026-08-03,2027-03-29,4599,3297,Serum & Pharma Corp,1dd19dd7-312d-48db-9235-3d33d6952c2e,RELEASED
81df58bf-8607-486c-9806-4aaff46ce3e4,LOT-2026-00316,08e8db94-8cfc-4dc3-869b-bb5af9bb9352,2026-03-29,2028-03-24,2297,1715,Serum & Pharma Corp,ba01ba31-4727-4fae-ad1e-216f0c07e61c,RELEASED
9bfa8dfa-e542-4588-bffb-5afa017f5e34,LOT-2026-00317,08e8db94-8cfc-4dc3-869b-bb5af9bb9352,2025-06-14,2026-11-23,4456,3618,Serum & Pharma Corp,8c9dd271-7fe2-4838-95b7-ecf6fb2d9d2c,NEAR_EXPIRY
a1291bea-7c77-4552-ae3f-71eabd631fb3,LOT-2026-00318,08e8db94-8cfc-4dc3-869b-bb5af9bb9352,2026-06-07,2027-04-30,2503,2049,Serum & Pharma Corp,daceb465-bb39-4f15-8e6d-00a26b0b331e,RELEASED
e5c787f5-6f5d-4f82-ad93-19783cef8010,LOT-2026-00319,08e8db94-8cfc-4dc3-869b-bb5af9bb9352,2026-04-03,2027-12-10,3714,1215,Serum & Pharma Corp,e400d1d0-c992-4b6e-b9e4-1978eb1c1d37,RELEASED
daa77f7f-7d27-4be2-895b-13ab6e542e5e,LOT-2026-00320,08e8db94-8cfc-4dc3-869b-bb5af9bb9352,2026-08-10,2027-07-31,1166,365,Serum & Pharma Corp,3aa8a907-2778-4339-8b1f-5849cad16428,RELEASED
79523a0f-e9e0-4d52-8ffa-bb280694d608,LOT-2026-00321,a34551bd-187b-46a8-bd4d-422c06eff0fa,2026-04-13,2028-02-14,3984,1741,Serum & Pharma Corp,1dd19dd7-312d-48db-9235-3d33d6952c2e,RELEASED
4c8d376a-6ac7-419a-b9cd-f3b775c7002f,LOT-2026-00322,a34551bd-187b-46a8-bd4d-422c06eff0fa,2026-05-16,2027-07-26,4557,1678,Serum & Pharma Corp,52b26c2e-5540-42a1-a8c0-5f96b1a7df56,RELEASED
15bd1ed1-c627-4481-8ae6-f07ed9d47e49,LOT-2026-00323,a34551bd-187b-46a8-bd4d-422c06eff0fa,2026-04-21,2027-10-28,2757,2228,Serum & Pharma Corp,38f50c5b-9a42-4af1-b031-32babb5c47b5,RELEASED
16b5ecc8-0ff7-4262-b922-d5e0b3efb972,LOT-2026-00324,a34551bd-187b-46a8-bd4d-422c06eff0fa,2026-05-11,2028-05-08,1767,804,Serum & Pharma Corp,1a119cae-1a63-436a-b4b4-7221f0e23bb8,RELEASED
0b366f40-72d3-46f9-b120-173c19867ffb,LOT-2026-00325,a34551bd-187b-46a8-bd4d-422c06eff0fa,2025-10-16,2026-10-18,4005,3014,Serum & Pharma Corp,d9232cfb-c4f1-4e59-8121-2970b4908912,NEAR_EXPIRY
c22dcbb5-7a4a-4e52-970f-571d35e8f8a8,LOT-2026-00326,a34551bd-187b-46a8-bd4d-422c06eff0fa,2026-08-05,2027-07-26,4477,2222,Serum & Pharma Corp,daceb465-bb39-4f15-8e6d-00a26b0b331e,RELEASED
48ebd13d-05f0-4535-9cfe-a945e49bd05c,LOT-2026-00327,a34551bd-187b-46a8-bd4d-422c06eff0fa,2026-07-24,2027-03-26,3155,634,Serum & Pharma Corp,8c9dd271-7fe2-4838-95b7-ecf6fb2d9d2c,RELEASED
5e21c096-f4c3-4bbc-9ded-fd80ebcf163d,LOT-2026-00328,a34551bd-187b-46a8-bd4d-422c06eff0fa,2026-07-22,2028-01-21,2310,1345,Serum & Pharma Corp,ba01ba31-4727-4fae-ad1e-216f0c07e61c,RELEASED
27af197c-3948-4009-831c-4e2399908e0b,LOT-2026-00329,a34551bd-187b-46a8-bd4d-422c06eff0fa,2026-04-27,2028-09-12,4322,3448,Serum & Pharma Corp,24fe0dbe-455f-431e-9ccb-31c13ea1ee3e,RELEASED
00846369-6115-42a1-9c1a-63430c6d328d,LOT-2026-00330,a34551bd-187b-46a8-bd4d-422c06eff0fa,2025-11-21,2026-10-28,4477,3797,Serum & Pharma Corp,9661edfb-44f7-44b7-8277-f3cf478fe4ff,NEAR_EXPIRY
88350d54-faa3-40d1-afab-12ee217a5949,LOT-2026-00331,19baefca-38b9-4018-b946-c0fbb67291da,2026-07-29,2027-09-04,3242,1146,Serum & Pharma Corp,3aa8a907-2778-4339-8b1f-5849cad16428,RELEASED
c60a4b55-1892-469d-a9ea-c4dc90c200b9,LOT-2026-00332,19baefca-38b9-4018-b946-c0fbb67291da,2026-05-30,2028-05-21,1045,748,Serum & Pharma Corp,24fe0dbe-455f-431e-9ccb-31c13ea1ee3e,RELEASED
521caee6-64f3-4738-9aa4-247fd42de35f,LOT-2026-00333,19baefca-38b9-4018-b946-c0fbb67291da,2026-04-07,2028-02-16,725,502,Serum & Pharma Corp,f4957732-1c15-480e-a95c-168c44e645f3,RELEASED
d3c072f3-1499-453a-82b0-a6bb955aa432,LOT-2026-00334,19baefca-38b9-4018-b946-c0fbb67291da,2025-03-26,2026-10-27,4034,1579,Serum & Pharma Corp,52b26c2e-5540-42a1-a8c0-5f96b1a7df56,NEAR_EXPIRY
0b009b70-54c5-433e-8f87-bef530c1473c,LOT-2026-00335,19baefca-38b9-4018-b946-c0fbb67291da,2026-06-26,2027-10-19,4064,2379,Serum & Pharma Corp,b007baa1-37d0-435d-88a2-b603e821f4e1,RELEASED
51868bec-13da-42b0-9475-2f8eb8ff1e6a,LOT-2026-00336,19baefca-38b9-4018-b946-c0fbb67291da,2026-07-12,2027-05-03,3345,1574,Serum & Pharma Corp,d9232cfb-c4f1-4e59-8121-2970b4908912,RELEASED
8735b254-f3aa-4993-94bd-9c597035f8a0,LOT-2026-00337,19baefca-38b9-4018-b946-c0fbb67291da,2025-05-02,2026-10-20,3571,802,Serum & Pharma Corp,65300365-fddf-4f82-9622-06ddc4c773d5,NEAR_EXPIRY
b0c34201-82ef-4aac-bf11-12aa4092373b,LOT-2026-00338,19baefca-38b9-4018-b946-c0fbb67291da,2025-04-09,2026-10-19,2572,1448,Serum & Pharma Corp,5e3c8af4-67c2-4470-912a-ecb7bb53f406,NEAR_EXPIRY
20ac5aa0-64e6-4c63-81a6-c78f1a75eff4,LOT-2026-00339,19baefca-38b9-4018-b946-c0fbb67291da,2026-07-11,2028-07-15,3364,2802,Serum & Pharma Corp,38f50c5b-9a42-4af1-b031-32babb5c47b5,RELEASED
de7fa3c4-5925-4d05-9dd6-1484b6092efb,LOT-2026-00340,19baefca-38b9-4018-b946-c0fbb67291da,2026-06-21,2027-12-09,4038,2226,Serum & Pharma Corp,38f50c5b-9a42-4af1-b031-32babb5c47b5,RELEASED
589f2dba-1b02-4598-9bf8-7bbe6147755e,LOT-2026-00341,83dde075-4683-4421-9ba9-b7121ee53f2c,2026-06-13,2027-11-11,2920,2047,Serum & Pharma Corp,f4957732-1c15-480e-a95c-168c44e645f3,RELEASED
407a77ac-425a-4131-8c80-a8816518a48d,LOT-2026-00342,83dde075-4683-4421-9ba9-b7121ee53f2c,2026-07-03,2027-12-05,1046,465,Serum & Pharma Corp,3ee58fbc-dd4d-4664-94e2-2e2e1d7f2de1,RELEASED
8fe7b905-215d-4b85-8224-f50ea1afe94d,LOT-2026-00343,83dde075-4683-4421-9ba9-b7121ee53f2c,2026-03-31,2027-10-16,3906,879,Serum & Pharma Corp,24fe0dbe-455f-431e-9ccb-31c13ea1ee3e,RELEASED
6c30d2bf-2ca7-47f6-a784-7934f385d885,LOT-2026-00344,83dde075-4683-4421-9ba9-b7121ee53f2c,2026-06-10,2027-12-19,3073,1373,Serum & Pharma Corp,3aa8a907-2778-4339-8b1f-5849cad16428,RELEASED
18baa7fa-322a-4f7e-a600-636f7fd05cbf,LOT-2026-00345,83dde075-4683-4421-9ba9-b7121ee53f2c,2026-04-27,2028-04-12,3837,937,Serum & Pharma Corp,3148a08c-9795-4ef7-b51a-d8a942e504f9,RELEASED
49f2d3d9-bd30-4135-a192-5e681ae8eb39,LOT-2026-00346,83dde075-4683-4421-9ba9-b7121ee53f2c,2025-05-01,2026-10-28,3430,2423,Serum & Pharma Corp,4bd7ab0d-7a82-4e3f-a689-9d5bb57f24af,NEAR_EXPIRY
aaffb594-eb58-4eaf-92da-bdec1f271d80,LOT-2026-00347,83dde075-4683-4421-9ba9-b7121ee53f2c,2025-02-20,2026-10-13,824,439,Serum & Pharma Corp,4ae98cc1-cb3c-4e5f-b6cd-1f83ea5d4c77,NEAR_EXPIRY
6496e244-33eb-45c5-bb8e-065013f2a2d4,LOT-2026-00348,83dde075-4683-4421-9ba9-b7121ee53f2c,2026-07-09,2028-03-22,3784,2170,Serum & Pharma Corp,65300365-fddf-4f82-9622-06ddc4c773d5,RELEASED
818e91ad-1fbc-46bb-9a25-62df35957632,LOT-2026-00349,83dde075-4683-4421-9ba9-b7121ee53f2c,2026-06-19,2027-05-30,2542,1571,Serum & Pharma Corp,6c62826c-5647-4a14-bc5c-84f2cdfde6ae,RELEASED
c7731942-9c35-4b1d-9c09-39ffdbcdde36,LOT-2026-00350,83dde075-4683-4421-9ba9-b7121ee53f2c,2026-07-18,2027-04-02,1431,692,Serum & Pharma Corp,e400d1d0-c992-4b6e-b9e4-1978eb1c1d37,RELEASED
b0dd2d3e-842d-498d-aee3-097bc5c34437,LOT-2026-00351,f92518fb-fa48-4cf2-94bb-c069ca274908,2025-10-25,2026-11-23,3823,1982,Serum & Pharma Corp,4ae98cc1-cb3c-4e5f-b6cd-1f83ea5d4c77,NEAR_EXPIRY
0ae1fec6-cc68-4f09-b12d-7e9d3c5329bf,LOT-2026-00352,f92518fb-fa48-4cf2-94bb-c069ca274908,2026-04-06,2028-05-01,3579,982,Serum & Pharma Corp,4ae98cc1-cb3c-4e5f-b6cd-1f83ea5d4c77,RELEASED
fe4e7459-aa71-4b98-8063-27d26124c96f,LOT-2026-00353,f92518fb-fa48-4cf2-94bb-c069ca274908,2026-06-13,2027-07-27,4179,1980,Serum & Pharma Corp,4efa322e-b7da-46a3-8997-0c5785d3443a,RELEASED
6be87f9b-f18c-4622-b59a-faa97f5088dd,LOT-2026-00354,f92518fb-fa48-4cf2-94bb-c069ca274908,2026-06-09,2028-01-07,4626,3821,Serum & Pharma Corp,1a119cae-1a63-436a-b4b4-7221f0e23bb8,RELEASED
e242a18b-b7c2-4e96-a411-018151de39b3,LOT-2026-00355,f92518fb-fa48-4cf2-94bb-c069ca274908,2026-05-04,2027-10-05,2190,1512,Serum & Pharma Corp,38f50c5b-9a42-4af1-b031-32babb5c47b5,RELEASED
28b873d7-f3f4-4220-979d-3f69e9af654d,LOT-2026-00356,f92518fb-fa48-4cf2-94bb-c069ca274908,2026-07-04,2027-09-07,1149,286,Serum & Pharma Corp,4412a3ea-7898-42e2-8fb3-7afd57d7d349,RELEASED
67e70592-5c66-445f-8c30-13bbde8543d2,LOT-2026-00357,f92518fb-fa48-4cf2-94bb-c069ca274908,2025-07-07,2026-11-18,738,194,Serum & Pharma Corp,3148a08c-9795-4ef7-b51a-d8a942e504f9,NEAR_EXPIRY
0fbc3f35-1ef7-4020-8f16-2f6ea525f429,LOT-2026-00358,f92518fb-fa48-4cf2-94bb-c069ca274908,2026-04-15,2028-05-18,2313,729,Serum & Pharma Corp,4ae98cc1-cb3c-4e5f-b6cd-1f83ea5d4c77,RELEASED
c3ec0bcd-f234-4909-bc0e-6f3498674da5,LOT-2026-00359,f92518fb-fa48-4cf2-94bb-c069ca274908,2025-08-14,2026-10-11,1114,723,Serum & Pharma Corp,9661edfb-44f7-44b7-8277-f3cf478fe4ff,NEAR_EXPIRY
7ddc146b-3004-472a-9be4-e3cf66d4f576,LOT-2026-00360,f92518fb-fa48-4cf2-94bb-c069ca274908,2026-08-13,2028-03-13,2714,2252,Serum & Pharma Corp,d9232cfb-c4f1-4e59-8121-2970b4908912,RELEASED
49c4b995-fbb5-4213-a50a-0a233cc85134,LOT-2026-00361,5a109267-5c8d-4c13-a090-ae986b471434,2026-07-02,2028-06-08,1437,486,Serum & Pharma Corp,1a119cae-1a63-436a-b4b4-7221f0e23bb8,RELEASED
4e0ab9e6-4763-48cf-8e41-9bcad70fad8f,LOT-2026-00362,5a109267-5c8d-4c13-a090-ae986b471434,2026-07-24,2027-04-08,3765,1622,Serum & Pharma Corp,38f50c5b-9a42-4af1-b031-32babb5c47b5,RELEASED
c717137e-5fd5-4e08-8fda-142fcee34d22,LOT-2026-00363,5a109267-5c8d-4c13-a090-ae986b471434,2026-04-21,2028-07-05,2286,1059,Serum & Pharma Corp,8c9dd271-7fe2-4838-95b7-ecf6fb2d9d2c,RELEASED
5a61de43-b590-4422-ae94-ca6deb32cbe4,LOT-2026-00364,5a109267-5c8d-4c13-a090-ae986b471434,2025-04-24,2026-11-24,4980,3437,Serum & Pharma Corp,38f50c5b-9a42-4af1-b031-32babb5c47b5,NEAR_EXPIRY
e4b8e64a-ee8c-410b-863e-9f7e6a035887,LOT-2026-00365,5a109267-5c8d-4c13-a090-ae986b471434,2026-05-07,2028-08-17,1195,843,Serum & Pharma Corp,daceb465-bb39-4f15-8e6d-00a26b0b331e,RELEASED
c15ba5f6-1f44-4099-b086-bd25b3047b54,LOT-2026-00366,5a109267-5c8d-4c13-a090-ae986b471434,2026-04-10,2028-03-24,994,638,Serum & Pharma Corp,e400d1d0-c992-4b6e-b9e4-1978eb1c1d37,RELEASED
af044611-30b4-418c-a2da-dcb2fdf01717,LOT-2026-00367,5a109267-5c8d-4c13-a090-ae986b471434,2026-06-26,2028-01-21,4765,3825,Serum & Pharma Corp,24fe0dbe-455f-431e-9ccb-31c13ea1ee3e,RELEASED
03b307b6-79fd-47ff-a102-06010425cb3b,LOT-2026-00368,5a109267-5c8d-4c13-a090-ae986b471434,2026-07-25,2027-08-11,1920,677,Serum & Pharma Corp,ba01ba31-4727-4fae-ad1e-216f0c07e61c,RELEASED
b4d022b3-af8e-4081-8283-bdba48c92c04,LOT-2026-00369,5a109267-5c8d-4c13-a090-ae986b471434,2026-05-13,2027-07-26,1686,769,Serum & Pharma Corp,1a119cae-1a63-436a-b4b4-7221f0e23bb8,RELEASED
36e7ea8e-c053-49b4-a39d-65371410e7b6,LOT-2026-00370,5a109267-5c8d-4c13-a090-ae986b471434,2026-08-05,2027-05-06,4739,3180,Serum & Pharma Corp,5be0da05-9400-4be2-a7c4-424f68c6dee4,RELEASED
02db0cdd-7ee6-44e1-be73-729e2d453715,LOT-2026-00371,3d2fd256-1a0b-403b-924e-136956338fc9,2025-07-17,2026-10-25,659,300,Serum & Pharma Corp,d9232cfb-c4f1-4e59-8121-2970b4908912,NEAR_EXPIRY
c5058d3e-99ff-4b0a-af98-c2fe32d08e43,LOT-2026-00372,3d2fd256-1a0b-403b-924e-136956338fc9,2026-07-09,2027-09-23,3330,1613,Serum & Pharma Corp,5e3c8af4-67c2-4470-912a-ecb7bb53f406,RELEASED
54be16c0-646b-4e98-8fa2-fec0efc23019,LOT-2026-00373,3d2fd256-1a0b-403b-924e-136956338fc9,2025-09-20,2026-11-07,2568,1563,Serum & Pharma Corp,4ae98cc1-cb3c-4e5f-b6cd-1f83ea5d4c77,NEAR_EXPIRY
bf33bd04-d66f-4fd2-be46-ceb0f6269e2d,LOT-2026-00374,3d2fd256-1a0b-403b-924e-136956338fc9,2026-05-21,2027-12-02,1147,696,Serum & Pharma Corp,6c62826c-5647-4a14-bc5c-84f2cdfde6ae,RELEASED
ed87b25c-aca4-413f-b73a-157be4ebca26,LOT-2026-00375,3d2fd256-1a0b-403b-924e-136956338fc9,2026-04-19,2027-04-22,2078,1653,Serum & Pharma Corp,ba01ba31-4727-4fae-ad1e-216f0c07e61c,RELEASED
210e217e-8342-4f87-b8e8-d26114f916c1,LOT-2026-00376,3d2fd256-1a0b-403b-924e-136956338fc9,2026-08-14,2027-10-07,2850,2029,Serum & Pharma Corp,3148a08c-9795-4ef7-b51a-d8a942e504f9,RELEASED
a030c44f-7dec-4dbd-9535-7762e85c1c43,LOT-2026-00377,3d2fd256-1a0b-403b-924e-136956338fc9,2026-05-31,2028-06-04,1574,787,Serum & Pharma Corp,a4b70abc-ae12-45f7-8dc3-49390eeb354e,RELEASED
63d61c53-bf9c-49c1-a449-3fb760777d74,LOT-2026-00378,3d2fd256-1a0b-403b-924e-136956338fc9,2026-06-06,2027-12-14,997,584,Serum & Pharma Corp,f4957732-1c15-480e-a95c-168c44e645f3,RELEASED
203eec0b-f1fa-4095-9b07-b95f35b85df2,LOT-2026-00379,3d2fd256-1a0b-403b-924e-136956338fc9,2025-02-28,2026-10-17,4348,2226,Serum & Pharma Corp,3148a08c-9795-4ef7-b51a-d8a942e504f9,NEAR_EXPIRY
c88daf4f-b573-4e0c-947e-960be0f0a9ce,LOT-2026-00380,3d2fd256-1a0b-403b-924e-136956338fc9,2026-04-26,2027-07-15,3943,1664,Serum & Pharma Corp,3aa8a907-2778-4339-8b1f-5849cad16428,RELEASED
f95af773-50d8-4aac-bb5e-e1b77f70a631,LOT-2026-00381,a03b95f0-c856-4224-8adb-482640830177,2026-07-12,2028-04-19,799,672,Serum & Pharma Corp,52b26c2e-5540-42a1-a8c0-5f96b1a7df56,RELEASED
852ad25d-7970-4c18-ad89-09e69a32b74b,LOT-2026-00382,a03b95f0-c856-4224-8adb-482640830177,2026-05-24,2028-06-14,1914,414,Serum & Pharma Corp,3aa8a907-2778-4339-8b1f-5849cad16428,RELEASED
612ea1b2-012f-4ea8-a6a9-4f7e3290be74,LOT-2026-00383,a03b95f0-c856-4224-8adb-482640830177,2026-08-14,2027-06-17,4131,2725,Serum & Pharma Corp,4bd7ab0d-7a82-4e3f-a689-9d5bb57f24af,RELEASED
7de1ac59-5373-4a4c-938d-63d391d29702,LOT-2026-00384,a03b95f0-c856-4224-8adb-482640830177,2026-06-18,2027-05-30,3610,1120,Serum & Pharma Corp,3aa8a907-2778-4339-8b1f-5849cad16428,RELEASED
e5ff54f7-1b70-496e-88e7-9cadb435e786,LOT-2026-00385,a03b95f0-c856-4224-8adb-482640830177,2026-07-23,2027-05-05,4055,859,Serum & Pharma Corp,3148a08c-9795-4ef7-b51a-d8a942e504f9,RELEASED
d1e4f449-40ee-4b45-8902-6df6edb48fcc,LOT-2026-00386,a03b95f0-c856-4224-8adb-482640830177,2025-02-26,2026-10-24,4516,1794,Serum & Pharma Corp,a4b70abc-ae12-45f7-8dc3-49390eeb354e,NEAR_EXPIRY
3a61ccf7-4eb4-49ea-ae59-43c2c3262d2d,LOT-2026-00387,a03b95f0-c856-4224-8adb-482640830177,2025-10-21,2026-11-01,1152,561,Serum & Pharma Corp,c7a9dd13-87f4-463c-b2b9-621c5b778c49,NEAR_EXPIRY
eb50377f-02e7-47b8-9f55-43d3b0b86bb5,LOT-2026-00388,a03b95f0-c856-4224-8adb-482640830177,2026-08-04,2028-02-08,1831,447,Serum & Pharma Corp,5be0da05-9400-4be2-a7c4-424f68c6dee4,RELEASED
e9b5f2c4-d505-40ab-9531-bdd06fe3e0c9,LOT-2026-00389,a03b95f0-c856-4224-8adb-482640830177,2025-11-02,2026-11-24,4267,1911,Serum & Pharma Corp,8424e662-7291-4919-8616-aacf78358fd3,NEAR_EXPIRY
c4ba0714-e39d-4bdc-a98f-9a07fd5fa1c7,LOT-2026-00390,a03b95f0-c856-4224-8adb-482640830177,2026-04-11,2028-07-08,1401,623,Serum & Pharma Corp,4ae98cc1-cb3c-4e5f-b6cd-1f83ea5d4c77,RELEASED
3dfd8da8-c37a-42b5-98b0-678284fc2afd,LOT-2026-00391,a2d9fd18-ea3e-44be-a0a7-f2014ccca209,2025-11-04,2026-11-19,2539,854,Serum & Pharma Corp,daceb465-bb39-4f15-8e6d-00a26b0b331e,NEAR_EXPIRY
6dbb82b5-fbd1-457e-b955-d5e18f2c0a44,LOT-2026-00392,a2d9fd18-ea3e-44be-a0a7-f2014ccca209,2026-08-18,2028-05-29,2567,2012,Serum & Pharma Corp,9661edfb-44f7-44b7-8277-f3cf478fe4ff,RELEASED
e4819b3b-fd31-472f-8e6d-2d22d019d9fa,LOT-2026-00393,a2d9fd18-ea3e-44be-a0a7-f2014ccca209,2026-08-11,2027-11-11,3183,669,Serum & Pharma Corp,e400d1d0-c992-4b6e-b9e4-1978eb1c1d37,RELEASED
7cd8f35c-07ba-40a8-8a3c-212d1e61f4ce,LOT-2026-00394,a2d9fd18-ea3e-44be-a0a7-f2014ccca209,2026-05-11,2028-01-13,3389,2690,Serum & Pharma Corp,b007baa1-37d0-435d-88a2-b603e821f4e1,RELEASED
238414f4-3265-4e56-bc3f-6a7bd0a13759,LOT-2026-00395,a2d9fd18-ea3e-44be-a0a7-f2014ccca209,2026-05-18,2028-04-29,2404,670,Serum & Pharma Corp,8424e662-7291-4919-8616-aacf78358fd3,RELEASED
d088a26e-57e2-4c77-8462-5eb9895e20ea,LOT-2026-00396,a2d9fd18-ea3e-44be-a0a7-f2014ccca209,2026-04-11,2027-03-28,3339,1418,Serum & Pharma Corp,3ee58fbc-dd4d-4664-94e2-2e2e1d7f2de1,RELEASED
b3659991-e652-4168-b219-377c0415ce0c,LOT-2026-00397,a2d9fd18-ea3e-44be-a0a7-f2014ccca209,2026-08-18,2027-10-29,983,308,Serum & Pharma Corp,deebacc1-8096-49c3-adbd-e050753ed64d,RELEASED
ae7edaa5-b77c-4e5c-8a14-f9ade3e6f0ce,LOT-2026-00398,a2d9fd18-ea3e-44be-a0a7-f2014ccca209,2026-07-22,2028-02-28,737,620,Serum & Pharma Corp,a4b70abc-ae12-45f7-8dc3-49390eeb354e,RELEASED
f7ba2d03-913e-4cf2-bd5e-ad6990d330e5,LOT-2026-00399,a2d9fd18-ea3e-44be-a0a7-f2014ccca209,2026-04-24,2028-02-01,3104,2203,Serum & Pharma Corp,dfa22e57-5b54-457b-80ec-8692ae3d76fb,RELEASED
4e63cd2d-7804-4abb-a8c1-8475f967d3d8,LOT-2026-00400,a2d9fd18-ea3e-44be-a0a7-f2014ccca209,2026-05-30,2027-11-05,1414,339,Serum & Pharma Corp,e400d1d0-c992-4b6e-b9e4-1978eb1c1d37,RELEASED
3024da97-17f6-4fe4-a55c-c46a02e50c05,LOT-2026-00401,75862a67-6db8-467f-957a-4670d12bd079,2026-06-07,2027-10-29,4994,1856,Serum & Pharma Corp,deebacc1-8096-49c3-adbd-e050753ed64d,RELEASED
c360fb61-cfdb-48b6-9e39-ce428742f701,LOT-2026-00402,75862a67-6db8-467f-957a-4670d12bd079,2026-07-04,2028-04-10,4669,2098,Serum & Pharma Corp,1dd19dd7-312d-48db-9235-3d33d6952c2e,RELEASED
1e102510-9b37-4767-9595-42797481efde,LOT-2026-00403,75862a67-6db8-467f-957a-4670d12bd079,2026-08-20,2028-02-13,909,186,Serum & Pharma Corp,8424e662-7291-4919-8616-aacf78358fd3,RELEASED
5479c254-cf25-4775-bb25-597fc811234e,LOT-2026-00404,75862a67-6db8-467f-957a-4670d12bd079,2026-06-21,2028-09-02,2971,2258,Serum & Pharma Corp,daceb465-bb39-4f15-8e6d-00a26b0b331e,RELEASED
e0e96f05-9762-49c7-a193-31338f990d63,LOT-2026-00405,75862a67-6db8-467f-957a-4670d12bd079,2026-06-19,2028-03-18,4062,1959,Serum & Pharma Corp,daceb465-bb39-4f15-8e6d-00a26b0b331e,RELEASED
6dc380de-9898-4170-b014-65f0f1ccd145,LOT-2026-00406,75862a67-6db8-467f-957a-4670d12bd079,2025-04-23,2026-11-04,3842,3233,Serum & Pharma Corp,daceb465-bb39-4f15-8e6d-00a26b0b331e,NEAR_EXPIRY
cedcfc19-632a-4fc8-a1a1-486a9e78579c,LOT-2026-00407,75862a67-6db8-467f-957a-4670d12bd079,2026-08-03,2027-06-18,1208,727,Serum & Pharma Corp,5e3c8af4-67c2-4470-912a-ecb7bb53f406,RELEASED
75b37d55-d594-464e-9cda-9c1d7e2900d8,LOT-2026-00408,75862a67-6db8-467f-957a-4670d12bd079,2025-08-09,2026-11-15,2516,1326,Serum & Pharma Corp,c7a9dd13-87f4-463c-b2b9-621c5b778c49,NEAR_EXPIRY
40684922-1ddb-4496-a287-852ab1ef960a,LOT-2026-00409,75862a67-6db8-467f-957a-4670d12bd079,2026-07-21,2028-08-22,1921,1163,Serum & Pharma Corp,9661edfb-44f7-44b7-8277-f3cf478fe4ff,RELEASED
fdde398c-0e85-4aea-8d9b-8cb7acee783e,LOT-2026-00410,75862a67-6db8-467f-957a-4670d12bd079,2026-07-19,2028-08-04,4263,1521,Serum & Pharma Corp,ba01ba31-4727-4fae-ad1e-216f0c07e61c,RELEASED
09be9bd7-ee70-44f3-bcfe-5c5fc6cf2750,LOT-2026-00411,e22023e9-8202-4383-8ee0-91c81924708e,2025-08-02,2026-11-11,3144,653,Serum & Pharma Corp,ba01ba31-4727-4fae-ad1e-216f0c07e61c,NEAR_EXPIRY
aacfbc75-6203-4c11-a67c-a48f36bdeda1,LOT-2026-00412,e22023e9-8202-4383-8ee0-91c81924708e,2026-08-19,2027-09-27,1171,687,Serum & Pharma Corp,9661edfb-44f7-44b7-8277-f3cf478fe4ff,RELEASED
33ca96aa-8382-41c2-a4b4-50ca7aced2cd,LOT-2026-00413,e22023e9-8202-4383-8ee0-91c81924708e,2026-07-29,2028-09-11,4933,1422,Serum & Pharma Corp,daceb465-bb39-4f15-8e6d-00a26b0b331e,RELEASED
ef13b431-1182-4966-b571-d8e0eab51b7c,LOT-2026-00414,e22023e9-8202-4383-8ee0-91c81924708e,2026-05-27,2028-05-15,2436,1805,Serum & Pharma Corp,8424e662-7291-4919-8616-aacf78358fd3,RELEASED
a2315fab-0f31-41ff-9d23-db2a5120670c,LOT-2026-00415,e22023e9-8202-4383-8ee0-91c81924708e,2026-05-30,2027-11-30,4734,2234,Serum & Pharma Corp,65300365-fddf-4f82-9622-06ddc4c773d5,RELEASED
95721f51-fd3c-47d6-9f06-5c95e850dd2f,LOT-2026-00416,e22023e9-8202-4383-8ee0-91c81924708e,2025-02-27,2026-10-13,917,750,Serum & Pharma Corp,0395b295-1937-4d01-9a55-8c1628ca811e,NEAR_EXPIRY
227bb028-249d-4ae6-930a-56733fff287e,LOT-2026-00417,e22023e9-8202-4383-8ee0-91c81924708e,2025-02-12,2026-10-10,1653,807,Serum & Pharma Corp,4ae98cc1-cb3c-4e5f-b6cd-1f83ea5d4c77,NEAR_EXPIRY
1c85feb2-7b08-481e-b8ba-a72c8044f217,LOT-2026-00418,e22023e9-8202-4383-8ee0-91c81924708e,2025-07-04,2026-11-24,628,210,Serum & Pharma Corp,65300365-fddf-4f82-9622-06ddc4c773d5,NEAR_EXPIRY
47b19c18-1a94-4024-83ef-776ef007a92b,LOT-2026-00419,e22023e9-8202-4383-8ee0-91c81924708e,2025-03-18,2026-10-13,1496,555,Serum & Pharma Corp,5be0da05-9400-4be2-a7c4-424f68c6dee4,NEAR_EXPIRY
ad1e054c-9211-4348-860b-5e486e5e7684,LOT-2026-00420,e22023e9-8202-4383-8ee0-91c81924708e,2026-04-18,2027-10-24,2505,851,Serum & Pharma Corp,deebacc1-8096-49c3-adbd-e050753ed64d,RELEASED
08b79f11-d8b1-411c-a2ca-2ec3445b1cc9,LOT-2026-00421,1431a613-e636-4c2a-a193-ef0a72950398,2026-07-13,2028-08-29,726,363,Serum & Pharma Corp,4bd7ab0d-7a82-4e3f-a689-9d5bb57f24af,RELEASED
21b081f3-5f9d-4cd6-9b69-23c61303e1bf,LOT-2026-00422,1431a613-e636-4c2a-a193-ef0a72950398,2026-07-22,2028-08-27,2358,877,Serum & Pharma Corp,4412a3ea-7898-42e2-8fb3-7afd57d7d349,RELEASED
5d187545-09b3-4ff1-baaa-e5df973f37b2,LOT-2026-00423,1431a613-e636-4c2a-a193-ef0a72950398,2026-05-08,2028-03-28,528,277,Serum & Pharma Corp,8424e662-7291-4919-8616-aacf78358fd3,RELEASED
c5a88e8b-39a2-4798-822d-66411bb9fa3e,LOT-2026-00424,1431a613-e636-4c2a-a193-ef0a72950398,2025-04-17,2026-10-14,4464,1891,Serum & Pharma Corp,deebacc1-8096-49c3-adbd-e050753ed64d,NEAR_EXPIRY
f276770b-fef3-4195-bcd8-2ad58e333971,LOT-2026-00425,1431a613-e636-4c2a-a193-ef0a72950398,2025-11-12,2026-10-31,2868,2073,Serum & Pharma Corp,8424e662-7291-4919-8616-aacf78358fd3,NEAR_EXPIRY
0664b327-1544-4c36-8654-7be35212a7f0,LOT-2026-00426,1431a613-e636-4c2a-a193-ef0a72950398,2026-08-21,2027-04-29,3843,2122,Serum & Pharma Corp,0395b295-1937-4d01-9a55-8c1628ca811e,RELEASED
0250f7b6-5be6-4259-9d6e-2ad2adbdb30b,LOT-2026-00427,1431a613-e636-4c2a-a193-ef0a72950398,2026-05-26,2027-10-08,3904,2484,Serum & Pharma Corp,5e3c8af4-67c2-4470-912a-ecb7bb53f406,RELEASED
d4e1d668-7820-4e00-8013-2a9853c8a4ac,LOT-2026-00428,1431a613-e636-4c2a-a193-ef0a72950398,2026-07-08,2027-11-09,4475,2375,Serum & Pharma Corp,4efa322e-b7da-46a3-8997-0c5785d3443a,RELEASED
407915fa-a94b-4c6d-ac30-af054e46f36b,LOT-2026-00429,1431a613-e636-4c2a-a193-ef0a72950398,2025-02-10,2026-10-28,2528,955,Serum & Pharma Corp,65300365-fddf-4f82-9622-06ddc4c773d5,NEAR_EXPIRY
492aeb40-8373-4e17-bd6a-a70a8079eb86,LOT-2026-00430,1431a613-e636-4c2a-a193-ef0a72950398,2025-09-15,2026-10-27,2958,1309,Serum & Pharma Corp,5be0da05-9400-4be2-a7c4-424f68c6dee4,NEAR_EXPIRY
aa971fb3-b13e-49a3-b208-12674850b22a,LOT-2026-00431,4e35a0b8-9c74-4aa1-a695-38bc52dd1836,2026-06-28,2028-06-19,2344,818,Serum & Pharma Corp,0395b295-1937-4d01-9a55-8c1628ca811e,RELEASED
3b2c918e-b128-4406-9889-6dbd2759fa71,LOT-2026-00432,4e35a0b8-9c74-4aa1-a695-38bc52dd1836,2026-04-03,2028-01-19,4907,2006,Serum & Pharma Corp,52b26c2e-5540-42a1-a8c0-5f96b1a7df56,RELEASED
5c5f04f7-4d71-4a07-86f8-3aab6d1235ff,LOT-2026-00433,4e35a0b8-9c74-4aa1-a695-38bc52dd1836,2026-06-24,2027-03-24,3350,1482,Serum & Pharma Corp,deebacc1-8096-49c3-adbd-e050753ed64d,RELEASED
c65c202c-c125-4d51-8887-d3aaac7145e2,LOT-2026-00434,4e35a0b8-9c74-4aa1-a695-38bc52dd1836,2025-09-18,2026-11-15,4557,1376,Serum & Pharma Corp,3ee58fbc-dd4d-4664-94e2-2e2e1d7f2de1,NEAR_EXPIRY
b1aa7fdd-25da-4ab9-aea4-22cbc36fc86a,LOT-2026-00435,4e35a0b8-9c74-4aa1-a695-38bc52dd1836,2026-06-23,2028-06-16,4754,2755,Serum & Pharma Corp,f4957732-1c15-480e-a95c-168c44e645f3,RELEASED
50006d9c-8b37-4105-a9cd-454c18f49dd5,LOT-2026-00436,4e35a0b8-9c74-4aa1-a695-38bc52dd1836,2026-06-23,2027-08-04,1352,502,Serum & Pharma Corp,ba01ba31-4727-4fae-ad1e-216f0c07e61c,RELEASED
1486ca84-41b1-4d7c-a62e-ca4f7239f9dc,LOT-2026-00437,4e35a0b8-9c74-4aa1-a695-38bc52dd1836,2026-06-27,2028-06-01,2176,525,Serum & Pharma Corp,52b26c2e-5540-42a1-a8c0-5f96b1a7df56,RELEASED
e579ed5d-fb46-4439-a68d-8fa32adae5e7,LOT-2026-00438,4e35a0b8-9c74-4aa1-a695-38bc52dd1836,2026-04-19,2027-08-26,3974,3327,Serum & Pharma Corp,5be0da05-9400-4be2-a7c4-424f68c6dee4,RELEASED
b35a9465-fdad-46b8-aec3-60007b2e79c0,LOT-2026-00439,4e35a0b8-9c74-4aa1-a695-38bc52dd1836,2025-08-24,2026-11-07,3437,928,Serum & Pharma Corp,f4957732-1c15-480e-a95c-168c44e645f3,NEAR_EXPIRY
c91322d2-359e-446c-b173-f0cdd204dc2b,LOT-2026-00440,4e35a0b8-9c74-4aa1-a695-38bc52dd1836,2025-07-12,2026-11-13,4974,1636,Serum & Pharma Corp,3aa8a907-2778-4339-8b1f-5849cad16428,NEAR_EXPIRY
e0ae4eca-ddcd-4f1d-9b81-5c669df774d5,LOT-2026-00441,c4172c0e-f6c5-43eb-b210-ef9094e4161c,2025-09-06,2026-10-27,2389,1348,Serum & Pharma Corp,65300365-fddf-4f82-9622-06ddc4c773d5,NEAR_EXPIRY
32bebbb7-d8d7-4e76-a814-86a45d68c402,LOT-2026-00442,c4172c0e-f6c5-43eb-b210-ef9094e4161c,2026-04-29,2027-08-23,3856,971,Serum & Pharma Corp,5be0da05-9400-4be2-a7c4-424f68c6dee4,RELEASED
162309be-dd7f-4e3d-b2c9-827450e94908,LOT-2026-00443,c4172c0e-f6c5-43eb-b210-ef9094e4161c,2026-06-01,2027-11-19,4968,1017,Serum & Pharma Corp,b007baa1-37d0-435d-88a2-b603e821f4e1,RELEASED
79cb91cb-b770-4577-b107-36a2e9fc6ac1,LOT-2026-00444,c4172c0e-f6c5-43eb-b210-ef9094e4161c,2026-07-07,2027-11-29,3411,1210,Serum & Pharma Corp,ba01ba31-4727-4fae-ad1e-216f0c07e61c,RELEASED
2f95a382-524a-48d7-8626-d6fb5dced224,LOT-2026-00445,c4172c0e-f6c5-43eb-b210-ef9094e4161c,2026-04-24,2028-04-27,4375,1378,Serum & Pharma Corp,1dd19dd7-312d-48db-9235-3d33d6952c2e,RELEASED
397e8393-069e-4066-b126-a8633c732e27,LOT-2026-00446,c4172c0e-f6c5-43eb-b210-ef9094e4161c,2026-08-01,2027-11-12,1435,986,Serum & Pharma Corp,65300365-fddf-4f82-9622-06ddc4c773d5,RELEASED
bbc605a1-b69e-4182-b590-9f87c6181aa6,LOT-2026-00447,c4172c0e-f6c5-43eb-b210-ef9094e4161c,2026-05-06,2027-04-04,1248,1022,Serum & Pharma Corp,5e3c8af4-67c2-4470-912a-ecb7bb53f406,RELEASED
5d4a620c-1295-4955-8b04-91447d4ddcd4,LOT-2026-00448,c4172c0e-f6c5-43eb-b210-ef9094e4161c,2026-06-10,2027-05-07,898,489,Serum & Pharma Corp,8424e662-7291-4919-8616-aacf78358fd3,RELEASED
91f5e611-ac80-42db-88ee-0b415fa73191,LOT-2026-00449,c4172c0e-f6c5-43eb-b210-ef9094e4161c,2025-04-02,2026-11-07,540,333,Serum & Pharma Corp,5e3c8af4-67c2-4470-912a-ecb7bb53f406,NEAR_EXPIRY
2bada9b1-8275-4d1c-8cbb-235f28eb7316,LOT-2026-00450,c4172c0e-f6c5-43eb-b210-ef9094e4161c,2026-05-20,2027-08-07,1514,788,Serum & Pharma Corp,d9232cfb-c4f1-4e59-8121-2970b4908912,RELEASED
9e09b1cf-67d1-4192-90be-2c06d3a94357,LOT-2026-00451,3880ed68-64d7-4ea3-b3fe-a06cd7b187ae,2026-05-21,2028-05-21,503,242,Serum & Pharma Corp,ba01ba31-4727-4fae-ad1e-216f0c07e61c,RELEASED
f7023fd4-c97a-4214-8c4b-27088eaabb0e,LOT-2026-00452,3880ed68-64d7-4ea3-b3fe-a06cd7b187ae,2026-05-27,2027-12-06,1224,536,Serum & Pharma Corp,3aa8a907-2778-4339-8b1f-5849cad16428,RELEASED
9a0d5669-6937-460c-b6f3-89248cd6197c,LOT-2026-00453,3880ed68-64d7-4ea3-b3fe-a06cd7b187ae,2026-07-14,2028-09-06,2158,1171,Serum & Pharma Corp,dfa22e57-5b54-457b-80ec-8692ae3d76fb,RELEASED
281fbc1e-5942-499a-bdf4-fe3f653b0df1,LOT-2026-00454,3880ed68-64d7-4ea3-b3fe-a06cd7b187ae,2026-08-01,2028-05-09,3803,1818,Serum & Pharma Corp,8424e662-7291-4919-8616-aacf78358fd3,RELEASED
f1a145a9-b6a6-423d-bb63-e691f6e03487,LOT-2026-00455,3880ed68-64d7-4ea3-b3fe-a06cd7b187ae,2026-05-30,2027-04-18,1310,413,Serum & Pharma Corp,dfa22e57-5b54-457b-80ec-8692ae3d76fb,RELEASED
279a5d41-0ab3-482f-ac08-a6677440f1ec,LOT-2026-00456,3880ed68-64d7-4ea3-b3fe-a06cd7b187ae,2026-07-20,2027-03-25,3486,2777,Serum & Pharma Corp,65300365-fddf-4f82-9622-06ddc4c773d5,RELEASED
af6ee459-3351-41b0-b12e-5fd468f391d5,LOT-2026-00457,3880ed68-64d7-4ea3-b3fe-a06cd7b187ae,2026-08-13,2028-02-25,724,196,Serum & Pharma Corp,b007baa1-37d0-435d-88a2-b603e821f4e1,RELEASED
9b88d40d-9933-478c-8f53-2778f2afa62b,LOT-2026-00458,3880ed68-64d7-4ea3-b3fe-a06cd7b187ae,2026-04-30,2027-09-20,2536,1916,Serum & Pharma Corp,b007baa1-37d0-435d-88a2-b603e821f4e1,RELEASED
e48873ec-e0be-4032-970f-a915c2713e97,LOT-2026-00459,3880ed68-64d7-4ea3-b3fe-a06cd7b187ae,2026-04-27,2028-04-12,1467,336,Serum & Pharma Corp,24fe0dbe-455f-431e-9ccb-31c13ea1ee3e,RELEASED
92f83ab9-cb2e-48e9-8b74-f1cd3e008eb8,LOT-2026-00460,3880ed68-64d7-4ea3-b3fe-a06cd7b187ae,2026-08-20,2027-09-04,1771,1345,Serum & Pharma Corp,deebacc1-8096-49c3-adbd-e050753ed64d,RELEASED
fff747af-4aa1-4600-a147-20f553fdfc3f,LOT-2026-00461,a5f028f8-9ac3-4b8d-bc04-1f4d375d8aed,2026-05-04,2027-08-06,2029,1096,Serum & Pharma Corp,52b26c2e-5540-42a1-a8c0-5f96b1a7df56,RELEASED
76f3a997-8da3-4b7b-bd7b-450b2a910aaa,LOT-2026-00462,a5f028f8-9ac3-4b8d-bc04-1f4d375d8aed,2026-08-16,2027-07-25,3954,1820,Serum & Pharma Corp,5e3c8af4-67c2-4470-912a-ecb7bb53f406,RELEASED
2ba60f62-770c-41eb-9c65-b1eb75f940bb,LOT-2026-00463,a5f028f8-9ac3-4b8d-bc04-1f4d375d8aed,2026-05-23,2028-06-07,1118,539,Serum & Pharma Corp,f4957732-1c15-480e-a95c-168c44e645f3,RELEASED
6941e15f-ff5c-48cb-9a77-4655460e062c,LOT-2026-00464,a5f028f8-9ac3-4b8d-bc04-1f4d375d8aed,2026-04-11,2028-02-16,3590,1646,Serum & Pharma Corp,5e3c8af4-67c2-4470-912a-ecb7bb53f406,RELEASED
a66db735-622c-4b74-90d3-9774541e006e,LOT-2026-00465,a5f028f8-9ac3-4b8d-bc04-1f4d375d8aed,2026-04-05,2027-08-15,3806,2856,Serum & Pharma Corp,8c9dd271-7fe2-4838-95b7-ecf6fb2d9d2c,RELEASED
b304f5a4-bf42-4424-91a3-5a651ed8c163,LOT-2026-00466,a5f028f8-9ac3-4b8d-bc04-1f4d375d8aed,2026-06-21,2028-07-01,3933,1857,Serum & Pharma Corp,4412a3ea-7898-42e2-8fb3-7afd57d7d349,RELEASED
306453cf-8fab-4026-8545-e4257552b675,LOT-2026-00467,a5f028f8-9ac3-4b8d-bc04-1f4d375d8aed,2025-10-22,2026-11-08,2203,889,Serum & Pharma Corp,4bd7ab0d-7a82-4e3f-a689-9d5bb57f24af,NEAR_EXPIRY
32395dc5-d90f-4639-9d21-e0244dec39a5,LOT-2026-00468,a5f028f8-9ac3-4b8d-bc04-1f4d375d8aed,2026-05-18,2028-05-05,2914,718,Serum & Pharma Corp,4bd7ab0d-7a82-4e3f-a689-9d5bb57f24af,RELEASED
bd0e45ca-5675-4021-87b4-e721d0732373,LOT-2026-00469,a5f028f8-9ac3-4b8d-bc04-1f4d375d8aed,2026-04-27,2028-06-30,1936,1485,Serum & Pharma Corp,4ae98cc1-cb3c-4e5f-b6cd-1f83ea5d4c77,RELEASED
d023ac03-0321-42e0-bcc7-572c822e9566,LOT-2026-00470,a5f028f8-9ac3-4b8d-bc04-1f4d375d8aed,2025-11-11,2026-10-27,4844,2936,Serum & Pharma Corp,4efa322e-b7da-46a3-8997-0c5785d3443a,NEAR_EXPIRY
c47aeaec-6f1c-4e1e-bc62-c951ed762939,LOT-2026-00471,fb73f467-53f4-42bb-bf03-6c83f2bdb1b7,2025-06-01,2026-10-14,2557,704,Serum & Pharma Corp,4412a3ea-7898-42e2-8fb3-7afd57d7d349,NEAR_EXPIRY
cd83f245-2f6d-47db-a89a-b6a7a2b57dbf,LOT-2026-00472,fb73f467-53f4-42bb-bf03-6c83f2bdb1b7,2026-07-29,2027-08-28,4279,3217,Serum & Pharma Corp,52b26c2e-5540-42a1-a8c0-5f96b1a7df56,RELEASED
8bfde65d-0e20-4574-9ecd-ac0e2334a656,LOT-2026-00473,fb73f467-53f4-42bb-bf03-6c83f2bdb1b7,2025-05-11,2026-11-20,609,177,Serum & Pharma Corp,3aa8a907-2778-4339-8b1f-5849cad16428,NEAR_EXPIRY
ed0bee15-6ae2-4e95-9cdc-69d664c3f714,LOT-2026-00474,fb73f467-53f4-42bb-bf03-6c83f2bdb1b7,2026-05-07,2027-09-02,657,284,Serum & Pharma Corp,8c9dd271-7fe2-4838-95b7-ecf6fb2d9d2c,RELEASED
ad2924c1-6a93-4e1e-8b4a-52ddde813e3a,LOT-2026-00475,fb73f467-53f4-42bb-bf03-6c83f2bdb1b7,2026-04-28,2027-10-14,4678,1168,Serum & Pharma Corp,deebacc1-8096-49c3-adbd-e050753ed64d,RELEASED
690e6d53-2455-4db2-8c45-1b89207b4c25,LOT-2026-00476,fb73f467-53f4-42bb-bf03-6c83f2bdb1b7,2025-08-15,2026-11-13,3634,1726,Serum & Pharma Corp,dfa22e57-5b54-457b-80ec-8692ae3d76fb,NEAR_EXPIRY
83632cb6-397d-4f8b-a033-0f0670949734,LOT-2026-00477,fb73f467-53f4-42bb-bf03-6c83f2bdb1b7,2026-05-18,2028-05-30,4996,3500,Serum & Pharma Corp,a4b70abc-ae12-45f7-8dc3-49390eeb354e,RELEASED
eff5c33b-4749-45b2-832c-0a81a2679958,LOT-2026-00478,fb73f467-53f4-42bb-bf03-6c83f2bdb1b7,2026-04-19,2027-09-30,2457,1776,Serum & Pharma Corp,3ee58fbc-dd4d-4664-94e2-2e2e1d7f2de1,RELEASED
06d44790-3a91-4df6-8106-db9c4773f98f,LOT-2026-00479,fb73f467-53f4-42bb-bf03-6c83f2bdb1b7,2026-06-08,2028-04-11,2298,1476,Serum & Pharma Corp,4bd7ab0d-7a82-4e3f-a689-9d5bb57f24af,RELEASED
5e57d851-758a-4f42-a3af-79b53081b047,LOT-2026-00480,fb73f467-53f4-42bb-bf03-6c83f2bdb1b7,2026-06-08,2028-03-04,2513,1390,Serum & Pharma Corp,4412a3ea-7898-42e2-8fb3-7afd57d7d349,RELEASED
c51ca9ca-9ff2-424b-b2b8-d64e9420ce2e,LOT-2026-00481,e4cb721a-aafa-4591-a065-58465acd2f50,2026-04-08,2027-04-26,4913,1457,Serum & Pharma Corp,f4957732-1c15-480e-a95c-168c44e645f3,RELEASED
45c2e215-d19a-4214-a8af-fbcba760406c,LOT-2026-00482,e4cb721a-aafa-4591-a065-58465acd2f50,2026-05-01,2028-04-03,4360,2804,Serum & Pharma Corp,b007baa1-37d0-435d-88a2-b603e821f4e1,RELEASED
b4167866-caa5-400e-9078-b5a7d2d13e33,LOT-2026-00483,e4cb721a-aafa-4591-a065-58465acd2f50,2026-04-14,2027-08-25,1920,1371,Serum & Pharma Corp,52b26c2e-5540-42a1-a8c0-5f96b1a7df56,RELEASED
1918cd42-6df6-4b24-8d3a-4518b5d1b52c,LOT-2026-00484,e4cb721a-aafa-4591-a065-58465acd2f50,2026-04-12,2027-03-30,4941,2362,Serum & Pharma Corp,4412a3ea-7898-42e2-8fb3-7afd57d7d349,RELEASED
be0e5882-ed15-4562-9c3c-850b627393c0,LOT-2026-00485,e4cb721a-aafa-4591-a065-58465acd2f50,2026-04-18,2027-04-11,1832,495,Serum & Pharma Corp,0395b295-1937-4d01-9a55-8c1628ca811e,RELEASED
61a14b4e-2ecf-4248-8dad-1360d2f7f206,LOT-2026-00486,e4cb721a-aafa-4591-a065-58465acd2f50,2026-08-06,2027-10-25,1268,519,Serum & Pharma Corp,3148a08c-9795-4ef7-b51a-d8a942e504f9,RELEASED
7767bfb5-5e66-46ee-aee3-87cb8b322247,LOT-2026-00487,e4cb721a-aafa-4591-a065-58465acd2f50,2025-08-14,2026-11-20,2292,1831,Serum & Pharma Corp,ba01ba31-4727-4fae-ad1e-216f0c07e61c,NEAR_EXPIRY
6d7f5ad1-42a1-466d-b89f-8ba079600226,LOT-2026-00488,e4cb721a-aafa-4591-a065-58465acd2f50,2026-05-24,2028-03-03,1991,787,Serum & Pharma Corp,a4b70abc-ae12-45f7-8dc3-49390eeb354e,RELEASED
1d782f18-af65-4093-b039-de167e1f35f9,LOT-2026-00489,e4cb721a-aafa-4591-a065-58465acd2f50,2026-06-07,2028-03-18,1040,307,Serum & Pharma Corp,0395b295-1937-4d01-9a55-8c1628ca811e,RELEASED
687d9402-5b0d-4400-988f-8163c6db10c8,LOT-2026-00490,e4cb721a-aafa-4591-a065-58465acd2f50,2025-05-09,2026-10-19,796,490,Serum & Pharma Corp,4412a3ea-7898-42e2-8fb3-7afd57d7d349,NEAR_EXPIRY
8b807469-7151-4001-83cb-b5976a6564ba,LOT-2026-00491,663bdb62-89c3-4a46-837f-dd4fba422a9f,2026-08-04,2028-06-14,1018,255,Serum & Pharma Corp,6c62826c-5647-4a14-bc5c-84f2cdfde6ae,RELEASED
a7511a9e-42a6-4ab1-a60b-3d4029f71578,LOT-2026-00492,663bdb62-89c3-4a46-837f-dd4fba422a9f,2025-06-24,2026-11-19,4519,1319,Serum & Pharma Corp,8c9dd271-7fe2-4838-95b7-ecf6fb2d9d2c,NEAR_EXPIRY
2239228b-744b-4f1a-9aac-5693b368c9c1,LOT-2026-00493,663bdb62-89c3-4a46-837f-dd4fba422a9f,2026-05-19,2028-02-14,4435,3064,Serum & Pharma Corp,4bd7ab0d-7a82-4e3f-a689-9d5bb57f24af,RELEASED
9713c49a-35cb-4cf5-823c-0b45fa4c5baa,LOT-2026-00494,663bdb62-89c3-4a46-837f-dd4fba422a9f,2026-06-20,2027-12-19,681,413,Serum & Pharma Corp,4412a3ea-7898-42e2-8fb3-7afd57d7d349,RELEASED
58298526-6657-49c7-9bc1-47b275a138cf,LOT-2026-00495,663bdb62-89c3-4a46-837f-dd4fba422a9f,2026-03-31,2027-12-13,4313,2448,Serum & Pharma Corp,4bd7ab0d-7a82-4e3f-a689-9d5bb57f24af,RELEASED
8d2f67b4-0a83-4166-9eeb-9ae813229c91,LOT-2026-00496,663bdb62-89c3-4a46-837f-dd4fba422a9f,2026-08-22,2027-07-22,543,154,Serum & Pharma Corp,4412a3ea-7898-42e2-8fb3-7afd57d7d349,RELEASED
e19be19b-f3f0-4492-af02-fa4315fe7ebc,LOT-2026-00497,663bdb62-89c3-4a46-837f-dd4fba422a9f,2025-06-10,2026-11-04,744,211,Serum & Pharma Corp,ba01ba31-4727-4fae-ad1e-216f0c07e61c,NEAR_EXPIRY
17744b0d-fbcd-45d1-9504-36a41a54dd9b,LOT-2026-00498,663bdb62-89c3-4a46-837f-dd4fba422a9f,2025-08-22,2026-10-17,674,342,Serum & Pharma Corp,5e3c8af4-67c2-4470-912a-ecb7bb53f406,NEAR_EXPIRY
6f9d4bb6-0fe6-44b7-968f-c4ff2f8e2510,LOT-2026-00499,663bdb62-89c3-4a46-837f-dd4fba422a9f,2026-05-07,2028-01-27,1060,498,Serum & Pharma Corp,e400d1d0-c992-4b6e-b9e4-1978eb1c1d37,RELEASED
4e10e57a-33ab-4ce0-89da-5ab8ecb8ceb9,LOT-2026-00500,663bdb62-89c3-4a46-837f-dd4fba422a9f,2026-06-12,2027-04-22,3389,1166,Serum & Pharma Corp,4bd7ab0d-7a82-4e3f-a689-9d5bb57f24af,RELEASED
