id,hospital_id,drug_id,current_stock,daily_consumption,days_of_stock_remaining,required_stock_level,pipeline_stock,stock_runway_score,criticality_score,shortage_frequency_score,patient_surge_score,pipeline_credit_score,risk_score,risk_level
65f8eabd-2cd9-4a60-93b7-7a9dc4f0c4dc,4412a3ea-7898-42e2-8fb3-7afd57d7d349,fb73f467-53f4-42bb-bf03-6c83f2bdb1b7,1026,23.36,43.92,490,0,0.0,20.0,5.0,12.0,0.0,37,MEDIUM
60a07937-4cdd-48c2-9244-331d9be08938,4ae98cc1-cb3c-4e5f-b6cd-1f83ea5d4c77,74970ff4-2a08-4f93-a3e3-06c395e7cc5d,168,1.0,168.0,21,0,0.0,20.0,15.0,1.0,0.0,36,MEDIUM
93a45c1a-d782-40f2-815e-218a53af2c96,52b26c2e-5540-42a1-a8c0-5f96b1a7df56,a34551bd-187b-46a8-bd4d-422c06eff0fa,270,6.21,43.48,130,0,0.0,10.0,5.0,11.0,0.0,26,SURPLUS
7dec68d7-dd1e-4dbf-91f1-d478034fb78a,8c9dd271-7fe2-4838-95b7-ecf6fb2d9d2c,9a53231e-0e18-4d29-bdca-292c99ec84ba,251,1.0,251.0,21,0,0.0,10.0,15.0,3.0,0.0,28,SURPLUS
a67db581-ac6a-4e33-a794-f0e3325fd7c7,f4957732-1c15-480e-a95c-168c44e645f3,ff13e030-b20f-4e3a-9b03-107ad34e60e2,842,3.93,214.25,82,0,0.0,30.0,15.0,12.0,0.0,57,MEDIUM
e1d41eaf-6de9-4ad8-92f0-4da0e3d82ecf,4efa322e-b7da-46a3-8997-0c5785d3443a,bf864bc6-3ff9-40df-b3ba-15a657cad795,1396,11.86,117.71,249,0,0.0,20.0,5.0,2.0,0.0,27,SURPLUS
73215735-4262-4c12-be59-74abf5645841,3aa8a907-2778-4339-8b1f-5849cad16428,ff13e030-b20f-4e3a-9b03-107ad34e60e2,1119,3.14,356.37,65,0,0.0,30.0,0.0,3.0,0.0,33,MEDIUM
d5cb88c0-4f89-4bb9-95d3-7a86a8f1e4e0,f4957732-1c15-480e-a95c-168c44e645f3,01784c47-9315-4127-9c05-27a071585e68,1450,14.43,100.49,303,0,0.0,20.0,15.0,9.0,0.0,44,MEDIUM
de6cb870-fcba-43d8-8df2-34a35e40ca74,4ae98cc1-cb3c-4e5f-b6cd-1f83ea5d4c77,ed3ad51d-dc53-4e58-9e93-f83383f3d25f,1438,1.0,1438.0,21,0,0.0,10.0,0.0,13.0,0.0,23,SURPLUS
71cd7c3e-e041-4178-b9d0-5b682174ff50,e400d1d0-c992-4b6e-b9e4-1978eb1c1d37,705ab241-d938-4ded-8eb5-490d149e246d,85,1.0,85.0,21,0,0.0,30.0,15.0,15.0,0.0,60,HIGH
bff6a624-396d-4335-96c7-0e45e4453d4b,52b26c2e-5540-42a1-a8c0-5f96b1a7df56,f1813e98-4204-47e6-b9ba-d3aa93a3b684,395,8.21,48.11,172,0,0.0,30.0,0.0,1.0,0.0,31,MEDIUM
a6e74db5-c8b8-4ae7-868a-a8112ccc2bb4,e400d1d0-c992-4b6e-b9e4-1978eb1c1d37,a2d9fd18-ea3e-44be-a0a7-f2014ccca209,1344,15.5,86.71,325,0,0.0,20.0,5.0,1.0,0.0,26,SURPLUS
e359321f-b43a-48a6-9bd3-7b03de172487,d9232cfb-c4f1-4e59-8121-2970b4908912,4181b429-be0e-4aa8-86ff-43647a0bf2c0,818,1.0,818.0,21,0,0.0,20.0,0.0,14.0,0.0,34,MEDIUM
fb30d2eb-10a9-4810-b6a2-f4edd5f50712,5be0da05-9400-4be2-a7c4-424f68c6dee4,1431a613-e636-4c2a-a193-ef0a72950398,1121,6.5,172.46,136,0,0.0,30.0,15.0,15.0,0.0,60,HIGH
b4592925-4f13-4cd9-9d20-9e3c76a27f03,5e3c8af4-67c2-4470-912a-ecb7bb53f406,4181b429-be0e-4aa8-86ff-43647a0bf2c0,1476,1.0,1476.0,21,0,0.0,20.0,0.0,4.0,0.0,24,SURPLUS
df1cbad4-3016-4aa8-a210-a015b641c42a,65300365-fddf-4f82-9622-06ddc4c773d5,08cf44a2-7843-40db-8be5-b7ec90054e44,1074,7.5,143.2,157,0,0.0,30.0,5.0,4.0,0.0,39,MEDIUM
379d2a8a-7d83-4a94-99bd-8ad7e84c20f5,3aa8a907-2778-4339-8b1f-5849cad16428,01cd046f-95fc-4dea-9678-599982917387,242,1.36,177.94,28,0,0.0,10.0,15.0,10.0,0.0,35,MEDIUM
04aee051-b88c-4325-a93c-2486f6a65263,9661edfb-44f7-44b7-8277-f3cf478fe4ff,d3c01138-9905-4d76-bf2b-64490842f674,904,11.21,80.64,235,0,0.0,30.0,5.0,14.0,0.0,49,MEDIUM
22e1cb43-a1e8-4e5f-b444-ae3541a85c06,deebacc1-8096-49c3-adbd-e050753ed64d,74970ff4-2a08-4f93-a3e3-06c395e7cc5d,672,3.57,188.24,74,0,0.0,30.0,0.0,2.0,0.0,32,MEDIUM
54bbdba6-fa8a-4d48-b9a5-ba009b6d939b,deebacc1-8096-49c3-adbd-e050753ed64d,08e8db94-8cfc-4dc3-869b-bb5af9bb9352,1380,1.0,1380.0,21,0,0.0,10.0,0.0,12.0,0.0,22,SURPLUS
553b7060-b17c-4a45-983e-af554c462230,4ae98cc1-cb3c-4e5f-b6cd-1f83ea5d4c77,39ae9f0f-2ef6-46b0-a854-c066edf9f984,926,1.0,926.0,21,0,0.0,20.0,0.0,13.0,0.0,33,MEDIUM
c7e33be4-f244-4b2c-a938-02c2755877d3,4ae98cc1-cb3c-4e5f-b6cd-1f83ea5d4c77,ab7bb929-38ba-46f6-9e91-bf183d567069,512,1.0,512.0,21,0,0.0,30.0,5.0,4.0,0.0,39,MEDIUM
9a487fff-1c48-46ea-98de-ee3c1e5091e2,daceb465-bb39-4f15-8e6d-00a26b0b331e,83dde075-4683-4421-9ba9-b7121ee53f2c,42,1.43,29.37,30,0,0.0,20.0,0.0,13.0,0.0,33,MEDIUM
c5f79234-e54a-4d29-86ea-a4de24d7989d,4412a3ea-7898-42e2-8fb3-7afd57d7d349,5a109267-5c8d-4c13-a090-ae986b471434,26,1.0,26.0,21,0,0.0,20.0,0.0,6.0,0.0,26,SURPLUS
c6ee41b8-d47c-484a-bb43-c2429b3bc5db,0395b295-1937-4d01-9a55-8c1628ca811e,74970ff4-2a08-4f93-a3e3-06c395e7cc5d,553,1.57,352.23,32,0,0.0,10.0,0.0,8.0,0.0,18,SURPLUS
492ea8d2-d2ab-4056-b20a-def9a0c6dc29,52b26c2e-5540-42a1-a8c0-5f96b1a7df56,08cf44a2-7843-40db-8be5-b7ec90054e44,1293,14.14,91.44,296,0,0.0,20.0,5.0,6.0,0.0,31,MEDIUM
0a3ed8bf-9ba6-4fc0-8cb5-ae9741c05560,deebacc1-8096-49c3-adbd-e050753ed64d,ed3ad51d-dc53-4e58-9e93-f83383f3d25f,548,1.0,548.0,21,0,0.0,20.0,5.0,0.0,0.0,25,SURPLUS
84e9ff79-9d38-4717-9b9d-965a93b8ea6f,e400d1d0-c992-4b6e-b9e4-1978eb1c1d37,4e35a0b8-9c74-4aa1-a695-38bc52dd1836,22,1.0,22.0,21,0,0.0,30.0,0.0,1.0,0.0,31,MEDIUM
c3744943-3856-4ae9-b51d-34fe28478850,4efa322e-b7da-46a3-8997-0c5785d3443a,74970ff4-2a08-4f93-a3e3-06c395e7cc5d,1476,1.0,1476.0,21,0,0.0,10.0,15.0,1.0,0.0,26,SURPLUS
78a0371c-b4c2-4d5b-a9c5-4b49a92d5da3,4bd7ab0d-7a82-4e3f-a689-9d5bb57f24af,705ab241-d938-4ded-8eb5-490d149e246d,1243,19.14,64.94,401,0,0.0,20.0,5.0,9.0,0.0,34,MEDIUM
a26318d1-2adc-45b5-b2b6-48a829a620ec,65300365-fddf-4f82-9622-06ddc4c773d5,1431a613-e636-4c2a-a193-ef0a72950398,661,13.71,48.21,287,0,0.0,10.0,15.0,15.0,0.0,40,MEDIUM
360fd927-9dd7-46eb-ac32-8e626f0e4e52,f4957732-1c15-480e-a95c-168c44e645f3,7c2d76e0-6fbe-4bf9-9480-1926f496b863,1003,9.43,106.36,198,0,0.0,20.0,5.0,10.0,0.0,35,MEDIUM
10a05f1b-d449-46c2-9c32-9872b3f22159,65300365-fddf-4f82-9622-06ddc4c773d5,f92518fb-fa48-4cf2-94bb-c069ca274908,593,1.0,593.0,21,0,0.0,30.0,15.0,4.0,0.0,49,MEDIUM
1f8853c7-699f-4450-a757-461fdf1594de,4efa322e-b7da-46a3-8997-0c5785d3443a,08e8db94-8cfc-4dc3-869b-bb5af9bb9352,859,1.0,859.0,21,0,0.0,10.0,0.0,12.0,0.0,22,SURPLUS
764997ae-ceab-459f-a04d-36f502327673,e400d1d0-c992-4b6e-b9e4-1978eb1c1d37,94919613-9376-4475-98a4-f1b9f4d9830a,830,1.0,830.0,21,0,0.0,10.0,5.0,11.0,0.0,26,SURPLUS
4101794d-7b43-42f6-9491-4722b35b0622,deebacc1-8096-49c3-adbd-e050753ed64d,39ae9f0f-2ef6-46b0-a854-c066edf9f984,1002,14.29,70.12,300,0,0.0,30.0,0.0,0.0,0.0,30,MEDIUM
5f593f02-6c50-47ae-8e30-2821c1198e94,4bd7ab0d-7a82-4e3f-a689-9d5bb57f24af,a2d9fd18-ea3e-44be-a0a7-f2014ccca209,1035,1.0,1035.0,21,0,0.0,30.0,10.0,9.0,0.0,49,MEDIUM
6678ca33-a92a-4b6a-aaa5-6c53cdb86317,a4b70abc-ae12-45f7-8dc3-49390eeb354e,d3c01138-9905-4d76-bf2b-64490842f674,525,8.57,61.26,179,0,0.0,20.0,10.0,15.0,0.0,45,MEDIUM
23cfd0ca-9311-4247-8e3c-1ca93a9111cc,3aa8a907-2778-4339-8b1f-5849cad16428,036236bd-b018-4ef5-a638-51d9eb2cf63b,1364,1.0,1364.0,21,0,0.0,10.0,5.0,2.0,0.0,17,SURPLUS
cd2b539a-0f16-45e3-b001-8c34fc425a63,deebacc1-8096-49c3-adbd-e050753ed64d,ab7bb929-38ba-46f6-9e91-bf183d567069,1312,6.57,199.7,137,0,0.0,10.0,15.0,9.0,0.0,34,MEDIUM
7e55ea44-27a9-4510-b7a2-eced31853b37,52b26c2e-5540-42a1-a8c0-5f96b1a7df56,f92518fb-fa48-4cf2-94bb-c069ca274908,1432,1.0,1432.0,21,0,0.0,10.0,10.0,2.0,0.0,22,SURPLUS
60184b2f-1199-4c24-bfac-fbe930397bf2,5be0da05-9400-4be2-a7c4-424f68c6dee4,75862a67-6db8-467f-957a-4670d12bd079,813,1.0,813.0,21,0,0.0,30.0,5.0,9.0,0.0,44,MEDIUM
9664b3a6-4134-47b7-b0a5-f59364c6daa0,4efa322e-b7da-46a3-8997-0c5785d3443a,39ae9f0f-2ef6-46b0-a854-c066edf9f984,968,1.0,968.0,21,0,0.0,30.0,10.0,5.0,0.0,45,MEDIUM
bb3e51ab-9ac3-4984-b5d7-5db594f18434,1dd19dd7-312d-48db-9235-3d33d6952c2e,480a6eaf-3d2f-41b3-9f9e-bc78c5014bdf,40,1.0,40.0,21,0,0.0,20.0,15.0,10.0,0.0,45,MEDIUM
918a2631-d9b3-48ab-b5cf-b12e34303283,4bd7ab0d-7a82-4e3f-a689-9d5bb57f24af,4e35a0b8-9c74-4aa1-a695-38bc52dd1836,61,1.0,61.0,21,0,0.0,10.0,15.0,9.0,0.0,34,MEDIUM
e1b1c418-8e18-4349-85df-ca70c73261c5,9661edfb-44f7-44b7-8277-f3cf478fe4ff,bc80d818-aa1f-4582-a1b9-e204cb5c6783,800,1.29,620.16,27,0,0.0,30.0,5.0,2.0,0.0,37,MEDIUM
7ba03605-ec60-469f-b254-24842c333443,f4957732-1c15-480e-a95c-168c44e645f3,e4cb721a-aafa-4591-a065-58465acd2f50,1056,11.43,92.39,240,0,0.0,30.0,10.0,6.0,0.0,46,MEDIUM
bce15c4b-cfab-4f9b-90ac-90a3d89e3adf,1dd19dd7-312d-48db-9235-3d33d6952c2e,3880ed68-64d7-4ea3-b3fe-a06cd7b187ae,1200,1.0,1200.0,21,0,0.0,10.0,10.0,15.0,0.0,35,MEDIUM
5e16f7e0-dc8a-4910-bc60-9657dee0a107,3148a08c-9795-4ef7-b51a-d8a942e504f9,bc80d818-aa1f-4582-a1b9-e204cb5c6783,621,14.29,43.46,300,0,0.0,20.0,5.0,14.0,0.0,39,MEDIUM
aaec7092-175c-402e-ae82-7152a178b2a1,daceb465-bb39-4f15-8e6d-00a26b0b331e,19baefca-38b9-4018-b946-c0fbb67291da,1379,1.71,806.43,35,0,0.0,30.0,10.0,0.0,0.0,40,MEDIUM
89674a71-d1d9-4fd2-8dbb-80a114756973,b007baa1-37d0-435d-88a2-b603e821f4e1,c4172c0e-f6c5-43eb-b210-ef9094e4161c,186,2.5,74.4,52,0,0.0,20.0,5.0,0.0,0.0,25,SURPLUS
ef4f3f3d-e3d6-4dff-bcf1-42c11d116a14,4bd7ab0d-7a82-4e3f-a689-9d5bb57f24af,94919613-9376-4475-98a4-f1b9f4d9830a,303,1.0,303.0,21,0,0.0,20.0,5.0,6.0,0.0,31,MEDIUM
2b7fa371-4a5d-497b-a4c2-d2f5247999fd,1a119cae-1a63-436a-b4b4-7221f0e23bb8,9a53231e-0e18-4d29-bdca-292c99ec84ba,258,1.71,150.88,35,0,0.0,10.0,10.0,2.0,0.0,22,SURPLUS
867235c7-d25c-4db5-9761-d8a364c11be2,8424e662-7291-4919-8616-aacf78358fd3,705ab241-d938-4ded-8eb5-490d149e246d,164,1.0,164.0,21,0,0.0,20.0,15.0,9.0,0.0,44,MEDIUM
867962b4-15b1-45fe-b9b6-b8b22630e16d,65300365-fddf-4f82-9622-06ddc4c773d5,75862a67-6db8-467f-957a-4670d12bd079,225,1.0,225.0,21,0,0.0,30.0,15.0,1.0,0.0,46,MEDIUM
5a7d8327-063c-4ef9-ba99-63e2fce8ab3b,8424e662-7291-4919-8616-aacf78358fd3,a2d9fd18-ea3e-44be-a0a7-f2014ccca209,1083,7.21,150.21,151,0,0.0,10.0,0.0,13.0,0.0,23,SURPLUS
395b8447-0a9a-4f02-a29a-6267b54abdf3,5e3c8af4-67c2-4470-912a-ecb7bb53f406,d3c01138-9905-4d76-bf2b-64490842f674,70,21.86,3.2,459,0,30.86,30.0,0.0,12.0,0.0,72,HIGH
596e61be-6eca-4eef-9683-0a4a3e4e79d8,8424e662-7291-4919-8616-aacf78358fd3,2f34b1c3-52bf-4ce9-80d9-682a0debc38b,373,1.0,373.0,21,0,0.0,20.0,5.0,8.0,0.0,33,MEDIUM
72c79cc7-6a86-4fc1-8b58-197af1a8ab3a,52b26c2e-5540-42a1-a8c0-5f96b1a7df56,75862a67-6db8-467f-957a-4670d12bd079,1074,1.0,1074.0,21,0,0.0,10.0,5.0,13.0,0.0,28,SURPLUS
45d554f4-6245-4d8d-ac55-046e0242c443,ba01ba31-4727-4fae-ad1e-216f0c07e61c,08cf44a2-7843-40db-8be5-b7ec90054e44,1230,12.79,96.17,268,0,0.0,30.0,5.0,9.0,0.0,44,MEDIUM
73969c22-05da-454b-b782-65fcf825750a,1dd19dd7-312d-48db-9235-3d33d6952c2e,5a109267-5c8d-4c13-a090-ae986b471434,1140,1.36,838.24,28,0,0.0,30.0,15.0,6.0,0.0,51,MEDIUM
ceb9dcc7-81f0-41d7-bd85-8920da73af46,f4957732-1c15-480e-a95c-168c44e645f3,a34551bd-187b-46a8-bd4d-422c06eff0fa,29,1.0,29.0,21,0,0.0,20.0,10.0,11.0,0.0,41,MEDIUM
1f0901c8-7d1d-4482-93e4-583f35670b51,3aa8a907-2778-4339-8b1f-5849cad16428,a34551bd-187b-46a8-bd4d-422c06eff0fa,1172,2.0,586.0,42,0,0.0,10.0,15.0,2.0,0.0,27,SURPLUS
3ffac93e-0b9b-47c7-bc12-d8c31827be8b,8424e662-7291-4919-8616-aacf78358fd3,4e35a0b8-9c74-4aa1-a695-38bc52dd1836,1132,1.0,1132.0,21,0,0.0,10.0,0.0,10.0,0.0,20,SURPLUS
ec19ca2a-320c-4f99-84b7-75c18cd61dc1,f4957732-1c15-480e-a95c-168c44e645f3,f1813e98-4204-47e6-b9ba-d3aa93a3b684,204,1.0,204.0,21,0,0.0,10.0,15.0,14.0,0.0,39,MEDIUM
364448b3-77f6-4814-80d1-7165c9a34eaf,3aa8a907-2778-4339-8b1f-5849cad16428,0039f91e-39c5-486b-a312-c8b9c9dc9586,1051,1.0,1051.0,21,0,0.0,10.0,5.0,12.0,0.0,27,SURPLUS
bfa00f78-7a9d-4bee-a055-3132b63f6ca8,3aa8a907-2778-4339-8b1f-5849cad16428,f1813e98-4204-47e6-b9ba-d3aa93a3b684,881,1.79,492.18,37,0,0.0,10.0,10.0,8.0,0.0,28,SURPLUS
505c189f-6671-44c8-9a54-c5f038dc3281,ba01ba31-4727-4fae-ad1e-216f0c07e61c,f92518fb-fa48-4cf2-94bb-c069ca274908,814,1.0,814.0,21,0,0.0,30.0,0.0,1.0,0.0,31,MEDIUM
825fbaaa-ce2a-4465-b30e-48528d561373,daceb465-bb39-4f15-8e6d-00a26b0b331e,fa5ffa93-f596-4eda-89a1-683228d89e75,1255,13.36,93.94,280,0,0.0,30.0,10.0,14.0,0.0,54,MEDIUM
25c5c6d2-8f58-4732-9443-5bd21b61b57c,0395b295-1937-4d01-9a55-8c1628ca811e,2f34b1c3-52bf-4ce9-80d9-682a0debc38b,1015,16.36,62.04,343,0,0.0,30.0,0.0,12.0,0.0,42,MEDIUM
de028a94-f8b4-4504-9bf4-c4d14d242328,6c62826c-5647-4a14-bc5c-84f2cdfde6ae,d3c01138-9905-4d76-bf2b-64490842f674,736,3.57,206.16,74,0,0.0,20.0,10.0,0.0,0.0,30,MEDIUM
3fc93959-487e-403f-b3a6-70fad4359470,8c9dd271-7fe2-4838-95b7-ecf6fb2d9d2c,705ab241-d938-4ded-8eb5-490d149e246d,34,1.07,31.78,22,0,0.0,30.0,5.0,4.0,0.0,39,MEDIUM
cf850394-9c6f-4986-b560-74ad1c173859,4efa322e-b7da-46a3-8997-0c5785d3443a,2f34b1c3-52bf-4ce9-80d9-682a0debc38b,1157,1.0,1157.0,21,0,0.0,20.0,10.0,11.0,0.0,41,MEDIUM
22248043-d786-4924-9f7f-9d3278ca5553,5e3c8af4-67c2-4470-912a-ecb7bb53f406,bc80d818-aa1f-4582-a1b9-e204cb5c6783,1289,11.14,115.71,233,0,0.0,20.0,0.0,3.0,0.0,23,SURPLUS
f02561e4-6f87-4c04-9509-e27a5dcb3aef,8c9dd271-7fe2-4838-95b7-ecf6fb2d9d2c,a2d9fd18-ea3e-44be-a0a7-f2014ccca209,1464,1.0,1464.0,21,0,0.0,30.0,5.0,6.0,0.0,41,MEDIUM
7a7e5e8e-1f21-4100-a750-eb88a66ced18,e400d1d0-c992-4b6e-b9e4-1978eb1c1d37,a03b95f0-c856-4224-8adb-482640830177,1341,1.0,1341.0,21,0,0.0,20.0,15.0,12.0,0.0,47,MEDIUM
62a5afdd-e666-4f43-a1d2-9115450bdb19,0395b295-1937-4d01-9a55-8c1628ca811e,4e35a0b8-9c74-4aa1-a695-38bc52dd1836,552,10.93,50.5,229,0,0.0,30.0,0.0,13.0,0.0,43,MEDIUM
c214d7df-3854-4404-ad6c-05752444baef,5be0da05-9400-4be2-a7c4-424f68c6dee4,9803a437-fa88-4116-96d3-a2bfc7562817,1054,13.07,80.64,274,0,0.0,30.0,15.0,13.0,0.0,58,MEDIUM
bb55e754-95cd-4157-9b2c-1c19577a2339,dfa22e57-5b54-457b-80ec-8692ae3d76fb,75862a67-6db8-467f-957a-4670d12bd079,1075,1.0,1075.0,21,0,0.0,30.0,0.0,13.0,0.0,43,MEDIUM
c3c02f76-b780-4866-a87e-795f22268df2,1a119cae-1a63-436a-b4b4-7221f0e23bb8,754d3a11-7747-40c8-af49-b24454d8d20a,989,1.0,989.0,21,0,0.0,10.0,10.0,7.0,0.0,27,SURPLUS
4f32851a-7dab-48b2-a8bd-04ae1e315eae,e400d1d0-c992-4b6e-b9e4-1978eb1c1d37,ff13e030-b20f-4e3a-9b03-107ad34e60e2,1115,1.0,1115.0,21,0,0.0,30.0,10.0,0.0,0.0,40,MEDIUM
efea2e60-dda2-4c80-9a34-4704f36e1a62,f4957732-1c15-480e-a95c-168c44e645f3,f92518fb-fa48-4cf2-94bb-c069ca274908,405,1.0,405.0,21,0,0.0,30.0,10.0,11.0,0.0,51,MEDIUM
bf5e0e4f-b7fb-4ab6-969b-a1547bd3e604,e400d1d0-c992-4b6e-b9e4-1978eb1c1d37,01784c47-9315-4127-9c05-27a071585e68,1310,1.0,1310.0,21,0,0.0,20.0,5.0,14.0,0.0,39,MEDIUM
6627543e-4e08-49f7-a69e-4a477d772cd7,ba01ba31-4727-4fae-ad1e-216f0c07e61c,75862a67-6db8-467f-957a-4670d12bd079,195,16.71,11.67,350,0,6.66,10.0,0.0,11.0,0.0,27,SURPLUS
e959f456-98a6-4a49-a144-215beab0f21d,8c9dd271-7fe2-4838-95b7-ecf6fb2d9d2c,94919613-9376-4475-98a4-f1b9f4d9830a,1439,2.5,575.6,52,0,0.0,30.0,15.0,6.0,0.0,51,MEDIUM
3e2fd43d-6893-43e2-8075-5a532dd23f1d,9661edfb-44f7-44b7-8277-f3cf478fe4ff,83dde075-4683-4421-9ba9-b7121ee53f2c,995,1.43,695.8,30,0,0.0,20.0,15.0,0.0,0.0,35,MEDIUM
1b5007d5-8576-4e77-b191-1ad2ad47e43d,4bd7ab0d-7a82-4e3f-a689-9d5bb57f24af,a03b95f0-c856-4224-8adb-482640830177,416,13.29,31.3,279,0,0.0,20.0,15.0,2.0,0.0,37,MEDIUM
9cbf425d-3685-47b6-8551-230869957e5b,3148a08c-9795-4ef7-b51a-d8a942e504f9,83dde075-4683-4421-9ba9-b7121ee53f2c,1375,6.5,211.54,136,0,0.0,20.0,15.0,8.0,0.0,43,MEDIUM
0036aa81-810f-4695-ade1-44188017604b,6c62826c-5647-4a14-bc5c-84f2cdfde6ae,bc80d818-aa1f-4582-a1b9-e204cb5c6783,1367,1.0,1367.0,21,0,0.0,10.0,0.0,13.0,0.0,23,SURPLUS
34ccd6ed-05f6-4887-b8ee-7ad9b959acac,4bd7ab0d-7a82-4e3f-a689-9d5bb57f24af,b63d347c-6b83-4d04-bd6c-c7121f882ad8,1224,1.0,1224.0,21,0,0.0,10.0,0.0,1.0,0.0,11,SURPLUS
31a38deb-5cb2-4a57-aa25-bf54d28fce21,3148a08c-9795-4ef7-b51a-d8a942e504f9,81cfce7a-db8c-41bc-8a00-27f2cd737bf8,1405,11.14,126.12,233,0,0.0,30.0,10.0,14.0,0.0,54,MEDIUM
8e90ac54-165d-474d-b5f6-1e468e6d23d5,4bd7ab0d-7a82-4e3f-a689-9d5bb57f24af,ff13e030-b20f-4e3a-9b03-107ad34e60e2,69,1.43,48.25,30,0,0.0,20.0,0.0,2.0,0.0,22,SURPLUS
0e4de65e-f3d6-4d8a-88ee-e7f1af2b7d55,4412a3ea-7898-42e2-8fb3-7afd57d7d349,74970ff4-2a08-4f93-a3e3-06c395e7cc5d,1380,1.0,1380.0,21,0,0.0,30.0,15.0,4.0,0.0,49,MEDIUM
25100221-0600-4e2a-95a3-28bc17427d11,4412a3ea-7898-42e2-8fb3-7afd57d7d349,08e8db94-8cfc-4dc3-869b-bb5af9bb9352,907,1.0,907.0,21,0,0.0,10.0,5.0,10.0,0.0,25,SURPLUS
b4409ff9-6846-48d7-9d76-af99819e09ba,a4b70abc-ae12-45f7-8dc3-49390eeb354e,83dde075-4683-4421-9ba9-b7121ee53f2c,796,1.0,796.0,21,0,0.0,20.0,5.0,4.0,0.0,29,SURPLUS
95aa025b-dab5-4555-9761-5aea69142ed3,52b26c2e-5540-42a1-a8c0-5f96b1a7df56,480a6eaf-3d2f-41b3-9f9e-bc78c5014bdf,1238,1.0,1238.0,21,0,0.0,20.0,15.0,12.0,0.0,47,MEDIUM
eb6294dd-3f12-4a11-8da9-6ad217cd1ee3,52b26c2e-5540-42a1-a8c0-5f96b1a7df56,a5f028f8-9ac3-4b8d-bc04-1f4d375d8aed,945,12.21,77.4,256,0,0.0,20.0,10.0,7.0,0.0,37,MEDIUM
a79319ac-99a3-4ec0-95ac-4e06a9e4717c,4412a3ea-7898-42e2-8fb3-7afd57d7d349,ed3ad51d-dc53-4e58-9e93-f83383f3d25f,172,1.0,172.0,21,0,0.0,30.0,15.0,0.0,0.0,45,MEDIUM
29f8bc60-1453-40bb-beaa-910cf19fff68,1dd19dd7-312d-48db-9235-3d33d6952c2e,754d3a11-7747-40c8-af49-b24454d8d20a,916,1.57,583.44,32,0,0.0,10.0,15.0,3.0,0.0,28,SURPLUS
37c2d017-6371-4b9a-b2a3-4372f31eef9f,daceb465-bb39-4f15-8e6d-00a26b0b331e,74970ff4-2a08-4f93-a3e3-06c395e7cc5d,633,4.71,134.39,98,0,0.0,10.0,5.0,7.0,0.0,22,SURPLUS
105830f0-0c65-4e3a-a5f0-acc0c0d8fce1,daceb465-bb39-4f15-8e6d-00a26b0b331e,08e8db94-8cfc-4dc3-869b-bb5af9bb9352,537,11.5,46.7,241,0,0.0,20.0,15.0,10.0,0.0,45,MEDIUM
7a2d3136-77a3-4bf6-b0cf-47c32ed341d1,f4957732-1c15-480e-a95c-168c44e645f3,3d2fd256-1a0b-403b-924e-136956338fc9,1467,12.07,121.54,253,0,0.0,30.0,0.0,4.0,0.0,34,MEDIUM
b01e2eec-6541-4e91-b40c-72a699046252,8424e662-7291-4919-8616-aacf78358fd3,a03b95f0-c856-4224-8adb-482640830177,1482,13.0,114.0,273,0,0.0,10.0,15.0,11.0,0.0,36,MEDIUM
285e120a-1a2c-42a4-9786-d854970e016a,4412a3ea-7898-42e2-8fb3-7afd57d7d349,39ae9f0f-2ef6-46b0-a854-c066edf9f984,755,1.43,527.97,30,0,0.0,10.0,0.0,3.0,0.0,13,SURPLUS
a91dbc17-5163-4da8-a574-31f9bfbb6c7e,3aa8a907-2778-4339-8b1f-5849cad16428,3d2fd256-1a0b-403b-924e-136956338fc9,652,8.57,76.08,179,0,0.0,30.0,10.0,2.0,0.0,42,MEDIUM
930c1735-7961-4895-aed0-72cdeb298c0b,8424e662-7291-4919-8616-aacf78358fd3,b63d347c-6b83-4d04-bd6c-c7121f882ad8,868,1.0,868.0,21,0,0.0,10.0,15.0,15.0,0.0,40,MEDIUM
cf3dd069-7a36-4f37-b42e-6937534f1320,5be0da05-9400-4be2-a7c4-424f68c6dee4,9a53231e-0e18-4d29-bdca-292c99ec84ba,996,4.36,228.44,91,0,0.0,20.0,15.0,11.0,0.0,46,MEDIUM
de3cbbf2-6444-4cbb-a366-27c4b5b9d2a1,4412a3ea-7898-42e2-8fb3-7afd57d7d349,ab7bb929-38ba-46f6-9e91-bf183d567069,548,1.0,548.0,21,0,0.0,10.0,10.0,9.0,0.0,29,SURPLUS
d06a6b03-b3ce-49a8-b3e9-dcd23d3d76c9,3148a08c-9795-4ef7-b51a-d8a942e504f9,19baefca-38b9-4018-b946-c0fbb67291da,1285,1.0,1285.0,21,0,0.0,30.0,15.0,12.0,0.0,57,MEDIUM
80755fb4-18ab-4791-bfcf-d721efe1862c,daceb465-bb39-4f15-8e6d-00a26b0b331e,ed3ad51d-dc53-4e58-9e93-f83383f3d25f,983,1.0,983.0,21,0,0.0,30.0,10.0,10.0,0.0,50,MEDIUM
d65d29dd-69aa-4645-844e-316a79d4c0ad,d9232cfb-c4f1-4e59-8121-2970b4908912,83dde075-4683-4421-9ba9-b7121ee53f2c,379,1.0,379.0,21,0,0.0,10.0,5.0,6.0,0.0,21,SURPLUS
5e09bfe4-c75c-4b07-8ae5-d196d1ad7d20,d9232cfb-c4f1-4e59-8121-2970b4908912,81cfce7a-db8c-41bc-8a00-27f2cd737bf8,552,7.5,73.6,157,0,0.0,10.0,15.0,5.0,0.0,30,MEDIUM
53c4057e-cff8-4357-ba7c-94ff2c1e0c99,4ae98cc1-cb3c-4e5f-b6cd-1f83ea5d4c77,4181b429-be0e-4aa8-86ff-43647a0bf2c0,873,1.0,873.0,21,0,0.0,30.0,10.0,14.0,0.0,54,MEDIUM
552fecb2-1632-46ad-a768-2fd8ed5e3cbc,5e3c8af4-67c2-4470-912a-ecb7bb53f406,83dde075-4683-4421-9ba9-b7121ee53f2c,1129,1.0,1129.0,21,0,0.0,10.0,5.0,7.0,0.0,22,SURPLUS
defd56ef-c128-4fa8-b3cf-456df8251a96,daceb465-bb39-4f15-8e6d-00a26b0b331e,39ae9f0f-2ef6-46b0-a854-c066edf9f984,1161,1.0,1161.0,21,0,0.0,10.0,10.0,4.0,0.0,24,SURPLUS
1985f810-f5fe-40c8-a640-3ff26481079d,8424e662-7291-4919-8616-aacf78358fd3,01784c47-9315-4127-9c05-27a071585e68,612,1.0,612.0,21,0,0.0,10.0,10.0,5.0,0.0,25,SURPLUS
8642ecd8-c802-42b4-be2f-57c06cea4a20,9661edfb-44f7-44b7-8277-f3cf478fe4ff,9803a437-fa88-4116-96d3-a2bfc7562817,723,8.29,87.21,174,0,0.0,10.0,15.0,5.0,0.0,30,MEDIUM
94317453-3758-4bee-8c25-8d47780efd17,9661edfb-44f7-44b7-8277-f3cf478fe4ff,3605d6b5-0472-431a-ad3f-f0e4192961cd,49,13.86,3.54,291,0,29.89,20.0,5.0,11.0,0.0,65,HIGH
4224cc6d-c35a-4658-adfb-8223130d6465,a4b70abc-ae12-45f7-8dc3-49390eeb354e,19baefca-38b9-4018-b946-c0fbb67291da,424,1.86,227.96,39,0,0.0,30.0,0.0,3.0,0.0,33,MEDIUM
3b351e15-c94f-4ed4-aaea-afbe4dd9e612,b007baa1-37d0-435d-88a2-b603e821f4e1,bc80d818-aa1f-4582-a1b9-e204cb5c6783,297,20.14,14.75,422,0,0.0,10.0,10.0,4.0,0.0,24,SURPLUS
d8a298bf-fb07-4580-8481-e845f97870de,1a119cae-1a63-436a-b4b4-7221f0e23bb8,94919613-9376-4475-98a4-f1b9f4d9830a,683,1.0,683.0,21,0,0.0,20.0,5.0,9.0,0.0,34,MEDIUM
e9dda3e6-7ff7-4655-8b7b-91b7a4dd5414,65300365-fddf-4f82-9622-06ddc4c773d5,9a53231e-0e18-4d29-bdca-292c99ec84ba,953,1.36,700.74,28,0,0.0,20.0,15.0,0.0,0.0,35,MEDIUM
6acc0956-d406-4a2f-90ea-b7a6874c26cf,3148a08c-9795-4ef7-b51a-d8a942e504f9,3605d6b5-0472-431a-ad3f-f0e4192961cd,1355,1.36,996.32,28,0,0.0,20.0,15.0,8.0,0.0,43,MEDIUM
09f31409-5c1f-4306-9ec8-ff256447b90f,0395b295-1937-4d01-9a55-8c1628ca811e,b63d347c-6b83-4d04-bd6c-c7121f882ad8,1407,1.79,786.03,37,0,0.0,10.0,0.0,15.0,0.0,25,SURPLUS
d8e4eca1-31b5-4524-8caa-241fb627b92f,deebacc1-8096-49c3-adbd-e050753ed64d,4181b429-be0e-4aa8-86ff-43647a0bf2c0,300,1.0,300.0,21,0,0.0,20.0,0.0,10.0,0.0,30,MEDIUM
841a51eb-a291-47ba-9e81-772a3ccd0e0e,e400d1d0-c992-4b6e-b9e4-1978eb1c1d37,a34551bd-187b-46a8-bd4d-422c06eff0fa,323,1.0,323.0,21,0,0.0,20.0,15.0,2.0,0.0,37,MEDIUM
9e435f49-7d0e-4592-bc15-f08ed701bda7,8c9dd271-7fe2-4838-95b7-ecf6fb2d9d2c,a03b95f0-c856-4224-8adb-482640830177,560,1.0,560.0,21,0,0.0,20.0,0.0,4.0,0.0,24,SURPLUS
add981c6-ce31-432f-8551-1169e0bd821b,9661edfb-44f7-44b7-8277-f3cf478fe4ff,fa5ffa93-f596-4eda-89a1-683228d89e75,1052,9.5,110.74,199,0,0.0,10.0,5.0,0.0,0.0,15,SURPLUS
551b8ebc-3f3a-42c3-b534-ebeab1ef5670,3148a08c-9795-4ef7-b51a-d8a942e504f9,fa5ffa93-f596-4eda-89a1-683228d89e75,1101,10.86,101.38,228,0,0.0,20.0,5.0,12.0,0.0,37,MEDIUM
ef3b57c6-f504-4bb8-93ef-fa844f9d079c,8c9dd271-7fe2-4838-95b7-ecf6fb2d9d2c,b63d347c-6b83-4d04-bd6c-c7121f882ad8,703,14.36,48.96,301,0,0.0,20.0,0.0,13.0,0.0,33,MEDIUM
be4ea14e-a6a4-4fda-829b-70a798dfe396,e400d1d0-c992-4b6e-b9e4-1978eb1c1d37,0039f91e-39c5-486b-a312-c8b9c9dc9586,299,2.64,113.26,55,0,0.0,10.0,15.0,15.0,0.0,40,MEDIUM
d696e998-0ec9-4391-b10d-a9f73ef23ee2,0395b295-1937-4d01-9a55-8c1628ca811e,01784c47-9315-4127-9c05-27a071585e68,328,7.93,41.36,166,0,0.0,10.0,15.0,8.0,0.0,33,MEDIUM
0c5a8bdb-5ce5-4f06-a9ac-e01248f5b8cf,e400d1d0-c992-4b6e-b9e4-1978eb1c1d37,f1813e98-4204-47e6-b9ba-d3aa93a3b684,509,25.93,19.63,544,0,0.0,20.0,5.0,8.0,0.0,33,MEDIUM
60933f0c-bb3b-4116-adb1-03bda9a5af57,d9232cfb-c4f1-4e59-8121-2970b4908912,19baefca-38b9-4018-b946-c0fbb67291da,1338,11.36,117.78,238,0,0.0,10.0,0.0,13.0,0.0,23,SURPLUS
a6645b0c-684e-4ef7-8f1b-3ae6f9835e55,f4957732-1c15-480e-a95c-168c44e645f3,66d7d7ef-9422-43f8-847b-fb99071897d8,981,5.86,167.41,123,0,0.0,10.0,0.0,14.0,0.0,24,SURPLUS
1cbc954e-a545-46da-81d7-ff97d9891f3e,8c9dd271-7fe2-4838-95b7-ecf6fb2d9d2c,ff13e030-b20f-4e3a-9b03-107ad34e60e2,501,4.0,125.25,84,0,0.0,30.0,0.0,13.0,0.0,43,MEDIUM
b92db077-b70a-4509-9f2c-2fea7586b3e7,5e3c8af4-67c2-4470-912a-ecb7bb53f406,19baefca-38b9-4018-b946-c0fbb67291da,1320,10.5,125.71,220,0,0.0,20.0,5.0,7.0,0.0,32,MEDIUM
9dc7bd03-559e-4731-8e52-cd1757905309,8c9dd271-7fe2-4838-95b7-ecf6fb2d9d2c,01784c47-9315-4127-9c05-27a071585e68,1422,3.64,390.66,76,0,0.0,30.0,10.0,14.0,0.0,54,MEDIUM
b016a2aa-7243-458d-a555-6b4ac9f09239,4bd7ab0d-7a82-4e3f-a689-9d5bb57f24af,a34551bd-187b-46a8-bd4d-422c06eff0fa,1363,1.0,1363.0,21,0,0.0,30.0,0.0,10.0,0.0,40,MEDIUM
a10036ac-2510-46fe-9a53-554de82c2339,5be0da05-9400-4be2-a7c4-424f68c6dee4,754d3a11-7747-40c8-af49-b24454d8d20a,136,16.21,8.39,340,0,16.03,20.0,10.0,9.0,0.0,55,MEDIUM
ab6cd9f8-de16-4d54-b793-4f809cbd0015,1dd19dd7-312d-48db-9235-3d33d6952c2e,ab7bb929-38ba-46f6-9e91-bf183d567069,848,1.0,848.0,21,0,0.0,10.0,15.0,15.0,0.0,40,MEDIUM
cb263239-3818-456a-bd76-9028ad4410cc,f4957732-1c15-480e-a95c-168c44e645f3,480a6eaf-3d2f-41b3-9f9e-bc78c5014bdf,539,11.79,45.72,247,0,0.0,30.0,0.0,3.0,0.0,33,MEDIUM
86d91f71-04b3-4f46-9618-134932f553c6,4bd7ab0d-7a82-4e3f-a689-9d5bb57f24af,f1813e98-4204-47e6-b9ba-d3aa93a3b684,1286,1.0,1286.0,21,0,0.0,30.0,5.0,3.0,0.0,38,MEDIUM
489d12b3-09ad-42d5-ac98-fd7fce7d5adf,5e3c8af4-67c2-4470-912a-ecb7bb53f406,9803a437-fa88-4116-96d3-a2bfc7562817,1394,1.0,1394.0,21,0,0.0,30.0,10.0,1.0,0.0,41,MEDIUM
9873c31a-1ad0-4b23-b61c-4f5df30d81a9,daceb465-bb39-4f15-8e6d-00a26b0b331e,2f34b1c3-52bf-4ce9-80d9-682a0debc38b,484,1.43,338.46,30,0,0.0,10.0,10.0,1.0,0.0,21,SURPLUS
1c2ad5d1-c3dc-4d20-83fb-9490250167ee,3aa8a907-2778-4339-8b1f-5849cad16428,480a6eaf-3d2f-41b3-9f9e-bc78c5014bdf,1352,1.14,1185.96,23,0,0.0,30.0,0.0,11.0,0.0,41,MEDIUM
76637c2c-817c-4b5d-8564-2a4990637599,f4957732-1c15-480e-a95c-168c44e645f3,3880ed68-64d7-4ea3-b3fe-a06cd7b187ae,831,1.0,831.0,21,0,0.0,10.0,0.0,9.0,0.0,19,SURPLUS
6ff4e4a9-d6d7-47df-96df-b301484eec28,d9232cfb-c4f1-4e59-8121-2970b4908912,3605d6b5-0472-431a-ad3f-f0e4192961cd,117,1.0,117.0,21,0,0.0,10.0,0.0,9.0,0.0,19,SURPLUS
eac6e70e-b9f7-4ada-88fa-9f3c462f7fe3,5e3c8af4-67c2-4470-912a-ecb7bb53f406,3605d6b5-0472-431a-ad3f-f0e4192961cd,505,1.0,505.0,21,0,0.0,20.0,10.0,12.0,0.0,42,MEDIUM
a218a823-733f-479d-bf40-08c246a499bd,3aa8a907-2778-4339-8b1f-5849cad16428,3880ed68-64d7-4ea3-b3fe-a06cd7b187ae,447,11.93,37.47,250,0,0.0,20.0,10.0,12.0,0.0,42,MEDIUM
1598c66d-3e55-49db-944d-778164ace6c3,9661edfb-44f7-44b7-8277-f3cf478fe4ff,9a53231e-0e18-4d29-bdca-292c99ec84ba,1494,10.43,143.24,219,0,0.0,30.0,0.0,14.0,0.0,44,MEDIUM
466b5e25-b9c4-421d-9363-964b37d2aec4,f4957732-1c15-480e-a95c-168c44e645f3,fb73f467-53f4-42bb-bf03-6c83f2bdb1b7,1018,1.0,1018.0,21,0,0.0,10.0,0.0,0.0,0.0,10,SURPLUS
be22d887-89a1-4df4-943e-39fc9deffe61,e400d1d0-c992-4b6e-b9e4-1978eb1c1d37,f92518fb-fa48-4cf2-94bb-c069ca274908,311,1.0,311.0,21,0,0.0,20.0,0.0,12.0,0.0,32,MEDIUM
e70efe04-8c15-4146-a85e-5e78ef407e30,3aa8a907-2778-4339-8b1f-5849cad16428,fb73f467-53f4-42bb-bf03-6c83f2bdb1b7,1171,12.0,97.58,252,0,0.0,20.0,0.0,1.0,0.0,21,SURPLUS
e0de66fd-f195-4ba8-8b68-a76133681c17,65300365-fddf-4f82-9622-06ddc4c773d5,754d3a11-7747-40c8-af49-b24454d8d20a,1206,1.0,1206.0,21,0,0.0,10.0,15.0,7.0,0.0,32,MEDIUM
a2d4b198-45ec-4664-9b8a-1a1f237d0cf7,ba01ba31-4727-4fae-ad1e-216f0c07e61c,9a53231e-0e18-4d29-bdca-292c99ec84ba,1000,1.36,735.29,28,0,0.0,30.0,10.0,8.0,0.0,48,MEDIUM
ac41996a-aec1-43d5-bd33-2a1e35a875c6,52b26c2e-5540-42a1-a8c0-5f96b1a7df56,754d3a11-7747-40c8-af49-b24454d8d20a,313,1.0,313.0,21,0,0.0,30.0,10.0,12.0,0.0,52,MEDIUM
5006440a-74e7-488b-90d6-998d69a1181d,6c62826c-5647-4a14-bc5c-84f2cdfde6ae,9803a437-fa88-4116-96d3-a2bfc7562817,1305,8.93,146.14,187,0,0.0,20.0,10.0,13.0,0.0,43,MEDIUM
db84f141-dce1-43a8-bd7d-79930e484990,4bd7ab0d-7a82-4e3f-a689-9d5bb57f24af,1431a613-e636-4c2a-a193-ef0a72950398,1071,10.64,100.66,223,0,0.0,30.0,15.0,2.0,0.0,47,MEDIUM
583df6c9-7a56-4b27-b7dc-bdb72ac86337,f4957732-1c15-480e-a95c-168c44e645f3,5a109267-5c8d-4c13-a090-ae986b471434,1035,4.07,254.3,85,0,0.0,20.0,5.0,13.0,0.0,38,MEDIUM
16dd365f-41a9-43e5-ae4d-1814b27310fd,4bd7ab0d-7a82-4e3f-a689-9d5bb57f24af,f92518fb-fa48-4cf2-94bb-c069ca274908,957,1.0,957.0,21,0,0.0,20.0,0.0,5.0,0.0,25,SURPLUS
961f8a66-ee98-480c-aa00-09c6113c2e31,3aa8a907-2778-4339-8b1f-5849cad16428,5a109267-5c8d-4c13-a090-ae986b471434,136,2.0,68.0,42,0,0.0,20.0,5.0,15.0,0.0,40,MEDIUM
f5602484-eba3-495a-a690-ab5ea587d01b,4ae98cc1-cb3c-4e5f-b6cd-1f83ea5d4c77,bc80d818-aa1f-4582-a1b9-e204cb5c6783,224,1.0,224.0,21,0,0.0,30.0,5.0,11.0,0.0,46,MEDIUM
5a4218e6-9b6f-4696-9af4-e00b7e741355,5be0da05-9400-4be2-a7c4-424f68c6dee4,a2d9fd18-ea3e-44be-a0a7-f2014ccca209,916,1.0,916.0,21,0,0.0,10.0,15.0,0.0,0.0,25,SURPLUS
ceac7947-d8b5-46ba-aa5c-6b5cd2ca17b4,1a119cae-1a63-436a-b4b4-7221f0e23bb8,ff13e030-b20f-4e3a-9b03-107ad34e60e2,1078,1.0,1078.0,21,0,0.0,10.0,0.0,2.0,0.0,12,SURPLUS
10579a1f-0c6d-4cc6-98c5-b8d10e05900a,1a119cae-1a63-436a-b4b4-7221f0e23bb8,01cd046f-95fc-4dea-9678-599982917387,378,1.0,378.0,21,0,0.0,30.0,15.0,11.0,0.0,56,MEDIUM
a52aceff-6b82-4bca-a574-69a4b4171409,deebacc1-8096-49c3-adbd-e050753ed64d,bc80d818-aa1f-4582-a1b9-e204cb5c6783,545,1.0,545.0,21,0,0.0,30.0,0.0,15.0,0.0,45,MEDIUM
92cf3583-63d2-44dd-9f93-537b17764f18,a4b70abc-ae12-45f7-8dc3-49390eeb354e,74970ff4-2a08-4f93-a3e3-06c395e7cc5d,53,1.0,53.0,21,0,0.0,10.0,10.0,7.0,0.0,27,SURPLUS
aea2575d-0b4c-4e07-b187-dec3e81aa485,d9232cfb-c4f1-4e59-8121-2970b4908912,bf864bc6-3ff9-40df-b3ba-15a657cad795,387,34.64,11.17,727,0,8.09,10.0,0.0,2.0,0.0,20,SURPLUS
df4b383f-db0a-4ea8-84d5-20e62fba73f8,0395b295-1937-4d01-9a55-8c1628ca811e,bc80d818-aa1f-4582-a1b9-e204cb5c6783,1279,1.0,1279.0,21,0,0.0,20.0,5.0,7.0,0.0,32,MEDIUM
a1517c3b-c732-4454-8b57-34cf79b409c7,a4b70abc-ae12-45f7-8dc3-49390eeb354e,08e8db94-8cfc-4dc3-869b-bb5af9bb9352,1291,1.0,1291.0,21,0,0.0,20.0,10.0,14.0,0.0,44,MEDIUM
145015b4-d439-4daf-ae5b-56251e48065e,8c9dd271-7fe2-4838-95b7-ecf6fb2d9d2c,a34551bd-187b-46a8-bd4d-422c06eff0fa,1046,16.14,64.81,338,0,0.0,30.0,0.0,0.0,0.0,30,MEDIUM
78109983-56de-4a99-8489-499c5636057a,5be0da05-9400-4be2-a7c4-424f68c6dee4,94919613-9376-4475-98a4-f1b9f4d9830a,304,16.0,19.0,336,0,0.0,10.0,5.0,5.0,0.0,20,SURPLUS
af9d5161-c4cd-4d3a-8d9f-0315217f4584,8424e662-7291-4919-8616-aacf78358fd3,1431a613-e636-4c2a-a193-ef0a72950398,633,12.29,51.51,258,0,0.0,20.0,10.0,3.0,0.0,33,MEDIUM
3f838290-fd0c-440d-8252-864bfead4087,dfa22e57-5b54-457b-80ec-8692ae3d76fb,754d3a11-7747-40c8-af49-b24454d8d20a,554,4.14,133.82,86,0,0.0,30.0,15.0,3.0,0.0,48,MEDIUM
cf145b82-8e78-405f-814f-4edca72ed37d,9661edfb-44f7-44b7-8277-f3cf478fe4ff,f8c19e25-ad28-4436-9696-19e32b3df743,1341,9.07,147.85,190,0,0.0,20.0,15.0,3.0,0.0,38,MEDIUM
d4b2dc15-98f1-4d3f-86d5-7dd7fd9e0619,a4b70abc-ae12-45f7-8dc3-49390eeb354e,ed3ad51d-dc53-4e58-9e93-f83383f3d25f,326,1.43,227.97,30,0,0.0,20.0,15.0,9.0,0.0,44,MEDIUM
9ee10324-275b-4223-9ceb-53ff181a1a26,8424e662-7291-4919-8616-aacf78358fd3,f92518fb-fa48-4cf2-94bb-c069ca274908,473,1.57,301.27,32,0,0.0,20.0,5.0,7.0,0.0,32,MEDIUM
c4a57c9f-66a2-4042-bb07-69dc3353e171,4bd7ab0d-7a82-4e3f-a689-9d5bb57f24af,75862a67-6db8-467f-957a-4670d12bd079,849,1.0,849.0,21,0,0.0,10.0,10.0,9.0,0.0,29,SURPLUS
3b0455a1-afed-46ef-80be-a2f00745dc44,4efa322e-b7da-46a3-8997-0c5785d3443a,bc80d818-aa1f-4582-a1b9-e204cb5c6783,1278,1.0,1278.0,21,0,0.0,10.0,5.0,14.0,0.0,29,SURPLUS
a0ccd78d-8b7a-4ecd-8ab4-8c02d704ff80,8c9dd271-7fe2-4838-95b7-ecf6fb2d9d2c,f1813e98-4204-47e6-b9ba-d3aa93a3b684,160,1.0,160.0,21,0,0.0,10.0,5.0,12.0,0.0,27,SURPLUS
afea0e67-8e70-47d4-9c83-9c18ba400dc5,0395b295-1937-4d01-9a55-8c1628ca811e,08cf44a2-7843-40db-8be5-b7ec90054e44,344,4.79,71.82,100,0,0.0,10.0,10.0,8.0,0.0,28,SURPLUS
56f87f8f-16c2-4a38-88a0-381886180165,1a119cae-1a63-436a-b4b4-7221f0e23bb8,036236bd-b018-4ef5-a638-51d9eb2cf63b,609,8.57,71.06,179,0,0.0,10.0,0.0,10.0,0.0,20,SURPLUS
9e12bd49-93ae-4f99-bdb1-9add37c0dc3a,ba01ba31-4727-4fae-ad1e-216f0c07e61c,754d3a11-7747-40c8-af49-b24454d8d20a,847,2.0,423.5,42,0,0.0,30.0,10.0,6.0,0.0,46,MEDIUM
686f61dc-4668-4bc4-868e-a069857726e6,a4b70abc-ae12-45f7-8dc3-49390eeb354e,39ae9f0f-2ef6-46b0-a854-c066edf9f984,53,1.0,53.0,21,0,0.0,20.0,0.0,11.0,0.0,31,MEDIUM
b77e3fae-e68d-4cfd-b7bc-00c8145621f7,65300365-fddf-4f82-9622-06ddc4c773d5,94919613-9376-4475-98a4-f1b9f4d9830a,1318,2.0,659.0,42,0,0.0,20.0,0.0,0.0,0.0,20,SURPLUS
ecb86d80-058c-4e1e-8b38-8bdea8d744cd,d9232cfb-c4f1-4e59-8121-2970b4908912,74970ff4-2a08-4f93-a3e3-06c395e7cc5d,293,10.64,27.54,223,0,0.0,10.0,10.0,6.0,0.0,26,SURPLUS
be58372a-5e83-480f-88e5-fc688618c176,8c9dd271-7fe2-4838-95b7-ecf6fb2d9d2c,08cf44a2-7843-40db-8be5-b7ec90054e44,1193,8.71,136.97,182,0,0.0,30.0,10.0,15.0,0.0,55,MEDIUM
3a184846-aed6-4ab7-af78-a3f45f9e6485,6c62826c-5647-4a14-bc5c-84f2cdfde6ae,9a53231e-0e18-4d29-bdca-292c99ec84ba,376,1.71,219.88,35,0,0.0,20.0,5.0,13.0,0.0,38,MEDIUM
d8dfaef8-c92e-4bf4-97c7-a832f1843a31,b007baa1-37d0-435d-88a2-b603e821f4e1,9803a437-fa88-4116-96d3-a2bfc7562817,730,1.07,682.24,22,0,0.0,10.0,0.0,11.0,0.0,21,SURPLUS
70b1b194-847e-462e-b1e7-bab627075f57,1dd19dd7-312d-48db-9235-3d33d6952c2e,01cd046f-95fc-4dea-9678-599982917387,1392,5.0,278.4,105,0,0.0,30.0,15.0,11.0,0.0,56,MEDIUM
ca5359b5-0bd8-4612-b32b-951b225a5926,0395b295-1937-4d01-9a55-8c1628ca811e,1431a613-e636-4c2a-a193-ef0a72950398,1462,8.79,166.33,184,0,0.0,10.0,0.0,7.0,0.0,17,SURPLUS
9d6cc7ee-0f35-495b-9151-ab2d4b5d242f,b007baa1-37d0-435d-88a2-b603e821f4e1,3605d6b5-0472-431a-ad3f-f0e4192961cd,111,1.0,111.0,21,0,0.0,20.0,15.0,4.0,0.0,39,MEDIUM
deb6b24c-ed66-4983-9588-84f47c85ae91,52b26c2e-5540-42a1-a8c0-5f96b1a7df56,94919613-9376-4475-98a4-f1b9f4d9830a,1278,1.0,1278.0,21,0,0.0,30.0,15.0,7.0,0.0,52,MEDIUM
24088f8c-39d4-49fc-88f8-74126e652b03,8424e662-7291-4919-8616-aacf78358fd3,75862a67-6db8-467f-957a-4670d12bd079,429,21.43,20.02,450,0,0.0,10.0,0.0,11.0,0.0,21,SURPLUS
1a119f5e-2496-4362-931c-7c0379f57b53,4412a3ea-7898-42e2-8fb3-7afd57d7d349,4181b429-be0e-4aa8-86ff-43647a0bf2c0,1122,10.71,104.76,224,0,0.0,30.0,0.0,3.0,0.0,33,MEDIUM
25c3cd79-26ba-4700-851a-c3e394f2d2cd,e400d1d0-c992-4b6e-b9e4-1978eb1c1d37,66d7d7ef-9422-43f8-847b-fb99071897d8,592,23.57,25.12,494,0,0.0,10.0,5.0,0.0,0.0,15,SURPLUS
e343efef-bdff-4478-99cc-fe73e1fa001d,8c9dd271-7fe2-4838-95b7-ecf6fb2d9d2c,f92518fb-fa48-4cf2-94bb-c069ca274908,527,1.0,527.0,21,0,0.0,20.0,0.0,8.0,0.0,28,SURPLUS
dd53dfcf-d2df-4522-8627-4cd97e399c67,9661edfb-44f7-44b7-8277-f3cf478fe4ff,705ab241-d938-4ded-8eb5-490d149e246d,690,1.0,690.0,21,0,0.0,20.0,5.0,15.0,0.0,40,MEDIUM
bb8806a6-baa0-4d70-8487-a6e4adb62878,3148a08c-9795-4ef7-b51a-d8a942e504f9,705ab241-d938-4ded-8eb5-490d149e246d,1476,1.0,1476.0,21,0,0.0,20.0,10.0,0.0,0.0,30,MEDIUM
0e0cb039-54b5-40c5-a09c-f255eb1b0ce1,9661edfb-44f7-44b7-8277-f3cf478fe4ff,a2d9fd18-ea3e-44be-a0a7-f2014ccca209,737,14.21,51.86,298,0,0.0,20.0,10.0,14.0,0.0,44,MEDIUM
b7b2006b-ae01-4a87-bdb0-aa934096a6cf,1dd19dd7-312d-48db-9235-3d33d6952c2e,036236bd-b018-4ef5-a638-51d9eb2cf63b,814,3.71,219.41,77,0,0.0,20.0,15.0,2.0,0.0,37,MEDIUM
b1c5b239-9a52-49ea-95e0-66de4660b129,9661edfb-44f7-44b7-8277-f3cf478fe4ff,2f34b1c3-52bf-4ce9-80d9-682a0debc38b,228,1.0,228.0,21,0,0.0,30.0,5.0,8.0,0.0,43,MEDIUM
33a7f5d4-2857-42c2-8b58-93411d555d2d,3148a08c-9795-4ef7-b51a-d8a942e504f9,a2d9fd18-ea3e-44be-a0a7-f2014ccca209,272,1.36,200.0,28,0,0.0,30.0,15.0,8.0,0.0,53,MEDIUM
95edcdcb-a418-4025-b9b2-8f19f78b72ca,4ae98cc1-cb3c-4e5f-b6cd-1f83ea5d4c77,83dde075-4683-4421-9ba9-b7121ee53f2c,158,15.71,10.06,329,0,11.26,30.0,15.0,1.0,0.0,57,MEDIUM
359fe14c-bee6-4cbe-9427-5d90d399e7a8,5e3c8af4-67c2-4470-912a-ecb7bb53f406,f8c19e25-ad28-4436-9696-19e32b3df743,629,12.43,50.6,261,0,0.0,10.0,15.0,6.0,0.0,31,MEDIUM
ba0d4816-3ecf-4578-aee8-9e8dc9678123,3148a08c-9795-4ef7-b51a-d8a942e504f9,2f34b1c3-52bf-4ce9-80d9-682a0debc38b,216,8.57,25.2,179,0,0.0,10.0,5.0,15.0,0.0,30,MEDIUM
be22c412-8ae3-4df8-b8ac-792f4b0a012d,e400d1d0-c992-4b6e-b9e4-1978eb1c1d37,480a6eaf-3d2f-41b3-9f9e-bc78c5014bdf,1042,1.0,1042.0,21,0,0.0,10.0,10.0,13.0,0.0,33,MEDIUM
bb56e5dc-f07a-4c81-8330-c90d58d157e0,e400d1d0-c992-4b6e-b9e4-1978eb1c1d37,3880ed68-64d7-4ea3-b3fe-a06cd7b187ae,533,1.0,533.0,21,0,0.0,10.0,15.0,11.0,0.0,36,MEDIUM
d8068670-8c58-4064-b959-d31a743cd320,1a119cae-1a63-436a-b4b4-7221f0e23bb8,a34551bd-187b-46a8-bd4d-422c06eff0fa,899,10.79,83.32,226,0,0.0,20.0,10.0,12.0,0.0,42,MEDIUM
01f4dc0e-f0e0-477c-b677-4a47f98bdf34,0395b295-1937-4d01-9a55-8c1628ca811e,75862a67-6db8-467f-957a-4670d12bd079,855,1.0,855.0,21,0,0.0,30.0,15.0,13.0,0.0,58,MEDIUM
a65fbafa-9931-4bf3-8782-24628d3e4459,e400d1d0-c992-4b6e-b9e4-1978eb1c1d37,fb73f467-53f4-42bb-bf03-6c83f2bdb1b7,687,1.86,369.35,39,0,0.0,10.0,5.0,10.0,0.0,25,SURPLUS
d8a496d8-24cb-45be-be4f-233d57bfc958,9661edfb-44f7-44b7-8277-f3cf478fe4ff,4e35a0b8-9c74-4aa1-a695-38bc52dd1836,701,2.21,317.19,46,0,0.0,30.0,15.0,8.0,0.0,53,MEDIUM
a444b2e3-b1ee-4d0d-a374-176ffa108141,1a119cae-1a63-436a-b4b4-7221f0e23bb8,0039f91e-39c5-486b-a312-c8b9c9dc9586,1412,13.43,105.14,282,0,0.0,20.0,15.0,6.0,0.0,41,MEDIUM
587a08fc-f7f4-4b77-a312-39798a4473a8,3148a08c-9795-4ef7-b51a-d8a942e504f9,4e35a0b8-9c74-4aa1-a695-38bc52dd1836,640,1.0,640.0,21,0,0.0,20.0,15.0,10.0,0.0,45,MEDIUM
3da0040a-bd0d-4708-806c-f705dd285e0e,1a119cae-1a63-436a-b4b4-7221f0e23bb8,f1813e98-4204-47e6-b9ba-d3aa93a3b684,1197,1.0,1197.0,21,0,0.0,30.0,0.0,9.0,0.0,39,MEDIUM
505ab5a6-f23c-45f9-90e8-3e507c4de620,a4b70abc-ae12-45f7-8dc3-49390eeb354e,2f34b1c3-52bf-4ce9-80d9-682a0debc38b,877,6.07,144.48,127,0,0.0,10.0,5.0,11.0,0.0,26,SURPLUS
1b2afb01-8060-42cb-a4ab-255074ac1202,deebacc1-8096-49c3-adbd-e050753ed64d,83dde075-4683-4421-9ba9-b7121ee53f2c,460,1.0,460.0,21,0,0.0,20.0,0.0,8.0,0.0,28,SURPLUS
9ae6a7fc-dc08-4bfa-8843-423be5b22451,dfa22e57-5b54-457b-80ec-8692ae3d76fb,94919613-9376-4475-98a4-f1b9f4d9830a,942,1.0,942.0,21,0,0.0,10.0,10.0,10.0,0.0,30,MEDIUM
a31c3f7d-087c-4a32-91f4-c42b16a6f0c9,8c9dd271-7fe2-4838-95b7-ecf6fb2d9d2c,75862a67-6db8-467f-957a-4670d12bd079,705,1.0,705.0,21,0,0.0,20.0,10.0,0.0,0.0,30,MEDIUM
547e2f66-2310-4cf6-bd1d-22649d3e0f95,5be0da05-9400-4be2-a7c4-424f68c6dee4,a03b95f0-c856-4224-8adb-482640830177,1429,18.64,76.66,391,0,0.0,10.0,5.0,11.0,0.0,26,SURPLUS
466a8c40-d499-40f8-be0e-4edc73a7a70b,4bd7ab0d-7a82-4e3f-a689-9d5bb57f24af,480a6eaf-3d2f-41b3-9f9e-bc78c5014bdf,325,10.0,32.5,210,0,0.0,20.0,5.0,10.0,0.0,35,MEDIUM
f5393602-d48e-4e91-a5a4-9f73c9fc2b4d,b007baa1-37d0-435d-88a2-b603e821f4e1,9a53231e-0e18-4d29-bdca-292c99ec84ba,1189,3.36,353.87,70,0,0.0,20.0,5.0,4.0,0.0,29,SURPLUS
984dfa35-fc96-4cb5-bf1e-29a4b95a29b0,ba01ba31-4727-4fae-ad1e-216f0c07e61c,94919613-9376-4475-98a4-f1b9f4d9830a,1136,1.0,1136.0,21,0,0.0,10.0,10.0,15.0,0.0,35,MEDIUM
9ce7bb0e-20cc-43c5-82c6-b080e4dca7f4,4bd7ab0d-7a82-4e3f-a689-9d5bb57f24af,3880ed68-64d7-4ea3-b3fe-a06cd7b187ae,1016,1.0,1016.0,21,0,0.0,30.0,10.0,13.0,0.0,53,MEDIUM
95b00097-9b65-4175-8950-619546247621,e400d1d0-c992-4b6e-b9e4-1978eb1c1d37,5a109267-5c8d-4c13-a090-ae986b471434,126,15.21,8.28,319,0,16.34,10.0,15.0,4.0,0.0,45,MEDIUM
ac00a6af-dc78-444d-9ff9-1888e8674f4d,5be0da05-9400-4be2-a7c4-424f68c6dee4,ff13e030-b20f-4e3a-9b03-107ad34e60e2,1374,1.0,1374.0,21,0,0.0,30.0,0.0,14.0,0.0,44,MEDIUM
86c231ab-0953-4af9-9fef-01e076523ef4,d9232cfb-c4f1-4e59-8121-2970b4908912,705ab241-d938-4ded-8eb5-490d149e246d,1153,1.0,1153.0,21,0,0.0,30.0,0.0,13.0,0.0,43,MEDIUM
532ff8bc-d4b0-4ff8-8a24-2370c3632688,5e3c8af4-67c2-4470-912a-ecb7bb53f406,705ab241-d938-4ded-8eb5-490d149e246d,140,11.93,11.74,250,0,6.46,20.0,15.0,13.0,0.0,54,MEDIUM
4bbf0223-44c0-4dd4-8605-7ecd36a3da3b,d9232cfb-c4f1-4e59-8121-2970b4908912,2f34b1c3-52bf-4ce9-80d9-682a0debc38b,1487,10.64,139.76,223,0,0.0,20.0,15.0,11.0,0.0,46,MEDIUM
d033e918-2270-4897-9b1e-7a9cc8f02372,5e3c8af4-67c2-4470-912a-ecb7bb53f406,663bdb62-89c3-4a46-837f-dd4fba422a9f,508,12.93,39.29,271,0,0.0,10.0,0.0,9.0,0.0,19,SURPLUS
e8cab125-f93b-4f08-9283-9be112ffb432,5be0da05-9400-4be2-a7c4-424f68c6dee4,01cd046f-95fc-4dea-9678-599982917387,118,13.43,8.79,282,0,14.89,10.0,5.0,14.0,0.0,43,MEDIUM
7bdbef8d-557a-4fd3-9215-67e6b77b137e,1dd19dd7-312d-48db-9235-3d33d6952c2e,4181b429-be0e-4aa8-86ff-43647a0bf2c0,316,2.29,137.99,48,0,0.0,10.0,10.0,1.0,0.0,21,SURPLUS
6df7f92c-e19b-469e-ae3c-d77985c64684,5e3c8af4-67c2-4470-912a-ecb7bb53f406,2f34b1c3-52bf-4ce9-80d9-682a0debc38b,561,10.21,54.95,214,0,0.0,10.0,0.0,15.0,0.0,25,SURPLUS
b76cc6cc-b2ec-45c9-9faa-a6f6c7215a7f,3aa8a907-2778-4339-8b1f-5849cad16428,08e8db94-8cfc-4dc3-869b-bb5af9bb9352,481,23.07,20.85,484,0,0.0,30.0,0.0,6.0,0.0,36,MEDIUM
aa9daf72-70f9-4a82-bd01-3f8cffcde9a4,3aa8a907-2778-4339-8b1f-5849cad16428,74970ff4-2a08-4f93-a3e3-06c395e7cc5d,655,1.36,481.62,28,0,0.0,30.0,15.0,11.0,0.0,56,MEDIUM
a801ed32-5e6e-4d02-be26-ee5715543680,1dd19dd7-312d-48db-9235-3d33d6952c2e,0039f91e-39c5-486b-a312-c8b9c9dc9586,51,1.0,51.0,21,0,0.0,30.0,10.0,0.0,0.0,40,MEDIUM
ea8a531c-985c-4a93-8d68-399d14660317,4ae98cc1-cb3c-4e5f-b6cd-1f83ea5d4c77,9803a437-fa88-4116-96d3-a2bfc7562817,711,7.0,101.57,147,0,0.0,20.0,5.0,8.0,0.0,33,MEDIUM
d0cf0502-951e-4f61-92b3-b8d5439c8ef5,3aa8a907-2778-4339-8b1f-5849cad16428,ed3ad51d-dc53-4e58-9e93-f83383f3d25f,511,1.79,285.47,37,0,0.0,20.0,5.0,11.0,0.0,36,MEDIUM
83a20a20-06c8-410e-a5ab-b493804a278f,65300365-fddf-4f82-9622-06ddc4c773d5,ff13e030-b20f-4e3a-9b03-107ad34e60e2,198,2.29,86.46,48,0,0.0,20.0,15.0,1.0,0.0,36,MEDIUM
08e93dbc-a8dd-4335-979f-4e56de05f961,deebacc1-8096-49c3-adbd-e050753ed64d,19baefca-38b9-4018-b946-c0fbb67291da,42,1.0,42.0,21,0,0.0,10.0,15.0,1.0,0.0,26,SURPLUS
1e45ae1d-3da2-48c3-8460-6a5b73727bd3,4ae98cc1-cb3c-4e5f-b6cd-1f83ea5d4c77,3605d6b5-0472-431a-ad3f-f0e4192961cd,667,1.0,667.0,21,0,0.0,20.0,0.0,0.0,0.0,20,SURPLUS
31458738-0262-4532-bbab-aefcf1e88597,d9232cfb-c4f1-4e59-8121-2970b4908912,4e35a0b8-9c74-4aa1-a695-38bc52dd1836,947,1.0,947.0,21,0,0.0,30.0,15.0,0.0,0.0,45,MEDIUM
ff136750-86d1-4bfc-933a-e7c01a2db1d0,4bd7ab0d-7a82-4e3f-a689-9d5bb57f24af,5a109267-5c8d-4c13-a090-ae986b471434,850,1.79,474.86,37,0,0.0,20.0,0.0,2.0,0.0,22,SURPLUS
8ccc70b3-ac60-4755-80d2-c428df7e1a94,5e3c8af4-67c2-4470-912a-ecb7bb53f406,4e35a0b8-9c74-4aa1-a695-38bc52dd1836,950,1.0,950.0,21,0,0.0,10.0,5.0,0.0,0.0,15,SURPLUS
757e0f49-3b11-4053-9a3f-c7d2900bab50,65300365-fddf-4f82-9622-06ddc4c773d5,01cd046f-95fc-4dea-9678-599982917387,135,1.0,135.0,21,0,0.0,10.0,5.0,9.0,0.0,24,SURPLUS
811274b5-2a08-4b57-bc75-6f49b1cafbdc,52b26c2e-5540-42a1-a8c0-5f96b1a7df56,ff13e030-b20f-4e3a-9b03-107ad34e60e2,1041,15.86,65.64,333,0,0.0,30.0,5.0,1.0,0.0,36,MEDIUM
999937d0-b090-4633-ba58-e81c70492649,3aa8a907-2778-4339-8b1f-5849cad16428,39ae9f0f-2ef6-46b0-a854-c066edf9f984,1146,1.0,1146.0,21,0,0.0,10.0,0.0,13.0,0.0,23,SURPLUS
e37273f6-16fe-4708-adfb-b5af84493c90,f4957732-1c15-480e-a95c-168c44e645f3,ab7bb929-38ba-46f6-9e91-bf183d567069,1046,1.0,1046.0,21,0,0.0,10.0,10.0,0.0,0.0,20,SURPLUS
cddabeb3-a54f-4872-9a71-032c9db94656,3aa8a907-2778-4339-8b1f-5849cad16428,ab7bb929-38ba-46f6-9e91-bf183d567069,420,17.36,24.19,364,0,0.0,20.0,0.0,9.0,0.0,29,SURPLUS
090310ff-8045-4c8b-962f-cc7867cace90,6c62826c-5647-4a14-bc5c-84f2cdfde6ae,705ab241-d938-4ded-8eb5-490d149e246d,947,11.21,84.48,235,0,0.0,10.0,0.0,12.0,0.0,22,SURPLUS
fa48634b-e151-46a3-9650-5946fd116572,deebacc1-8096-49c3-adbd-e050753ed64d,9803a437-fa88-4116-96d3-a2bfc7562817,1052,20.64,50.97,433,0,0.0,10.0,5.0,15.0,0.0,30,MEDIUM
1ec297ca-0ff2-481e-8ecc-3f839d401c33,4412a3ea-7898-42e2-8fb3-7afd57d7d349,bc80d818-aa1f-4582-a1b9-e204cb5c6783,1167,12.5,93.36,262,0,0.0,30.0,5.0,14.0,0.0,49,MEDIUM
a7d1990c-002d-4788-b793-46935b0b5fb2,52b26c2e-5540-42a1-a8c0-5f96b1a7df56,01cd046f-95fc-4dea-9678-599982917387,572,24.57,23.28,515,0,0.0,20.0,15.0,2.0,0.0,37,MEDIUM
8ed9d6e2-50f5-4e58-83ea-42bdda6b60b3,6c62826c-5647-4a14-bc5c-84f2cdfde6ae,a2d9fd18-ea3e-44be-a0a7-f2014ccca209,390,1.79,217.88,37,0,0.0,30.0,5.0,3.0,0.0,38,MEDIUM
e8cfe183-7f01-4048-b8d4-722e40ff1c6d,deebacc1-8096-49c3-adbd-e050753ed64d,3605d6b5-0472-431a-ad3f-f0e4192961cd,626,1.0,626.0,21,0,0.0,20.0,10.0,15.0,0.0,45,MEDIUM
f49b1431-44f1-447f-8859-c31d700f71df,0395b295-1937-4d01-9a55-8c1628ca811e,9803a437-fa88-4116-96d3-a2bfc7562817,1316,2.93,449.15,61,0,0.0,30.0,15.0,14.0,0.0,59,MEDIUM
2821a2d8-9fc6-4471-97ed-900b1d3de456,4efa322e-b7da-46a3-8997-0c5785d3443a,9803a437-fa88-4116-96d3-a2bfc7562817,1321,1.0,1321.0,21,0,0.0,20.0,0.0,1.0,0.0,21,SURPLUS
436088f1-eeda-4cce-9bb6-74285e97a6ee,daceb465-bb39-4f15-8e6d-00a26b0b331e,bc80d818-aa1f-4582-a1b9-e204cb5c6783,112,1.0,112.0,21,0,0.0,30.0,15.0,5.0,0.0,50,MEDIUM
c05e7fc0-f94e-4f15-9c2e-b9e459943ea7,65300365-fddf-4f82-9622-06ddc4c773d5,036236bd-b018-4ef5-a638-51d9eb2cf63b,59,12.29,4.8,258,0,26.29,20.0,0.0,2.0,0.0,48,MEDIUM
968a6947-fbac-4bff-97e4-b8e465bd8f17,4efa322e-b7da-46a3-8997-0c5785d3443a,3605d6b5-0472-431a-ad3f-f0e4192961cd,538,12.0,44.83,252,0,0.0,30.0,5.0,4.0,0.0,39,MEDIUM
c2bdcf6a-d1b0-4c84-bf47-822faa36030c,deebacc1-8096-49c3-adbd-e050753ed64d,fa5ffa93-f596-4eda-89a1-683228d89e75,159,8.64,18.4,181,0,0.0,10.0,10.0,6.0,0.0,26,SURPLUS
64387cbb-09d9-4cae-8ca9-a87d9a2b4808,6c62826c-5647-4a14-bc5c-84f2cdfde6ae,4e35a0b8-9c74-4aa1-a695-38bc52dd1836,831,1.79,464.25,37,0,0.0,20.0,0.0,7.0,0.0,27,SURPLUS
aa8515f0-38e2-42fc-a6b8-b1f85eece50f,9661edfb-44f7-44b7-8277-f3cf478fe4ff,a03b95f0-c856-4224-8adb-482640830177,1391,1.86,747.85,39,0,0.0,10.0,10.0,3.0,0.0,23,SURPLUS
663ed5b9-9fbe-405d-9502-a9aba0cc47a1,4efa322e-b7da-46a3-8997-0c5785d3443a,a5f028f8-9ac3-4b8d-bc04-1f4d375d8aed,990,10.86,91.16,228,0,0.0,10.0,5.0,14.0,0.0,29,SURPLUS
7eeb250f-b30a-4473-aa30-5dfa1654329e,3148a08c-9795-4ef7-b51a-d8a942e504f9,a03b95f0-c856-4224-8adb-482640830177,620,12.5,49.6,262,0,0.0,10.0,10.0,10.0,0.0,30,MEDIUM
d4dd978b-88b0-48e6-80fd-b150139018fa,52b26c2e-5540-42a1-a8c0-5f96b1a7df56,036236bd-b018-4ef5-a638-51d9eb2cf63b,150,2.57,58.37,53,0,0.0,30.0,15.0,14.0,0.0,59,MEDIUM
17cfc184-8df2-452d-b147-138e1c8b3bf2,8c9dd271-7fe2-4838-95b7-ecf6fb2d9d2c,480a6eaf-3d2f-41b3-9f9e-bc78c5014bdf,1024,3.36,304.76,70,0,0.0,30.0,15.0,4.0,0.0,49,MEDIUM
a5a7c6b2-ed10-4195-8a4f-77bd842745cc,9661edfb-44f7-44b7-8277-f3cf478fe4ff,b63d347c-6b83-4d04-bd6c-c7121f882ad8,371,6.86,54.08,144,0,0.0,30.0,0.0,10.0,0.0,40,MEDIUM
4c3d1a53-3992-4a34-a99f-b6acd25dacb5,3148a08c-9795-4ef7-b51a-d8a942e504f9,b63d347c-6b83-4d04-bd6c-c7121f882ad8,604,1.0,604.0,21,0,0.0,30.0,5.0,9.0,0.0,44,MEDIUM
c268c6a6-aacb-4e92-8370-5e96757c03be,8c9dd271-7fe2-4838-95b7-ecf6fb2d9d2c,3880ed68-64d7-4ea3-b3fe-a06cd7b187ae,126,1.0,126.0,21,0,0.0,20.0,0.0,7.0,0.0,27,SURPLUS
21289847-8dca-422f-83e0-5f3d9aef1a11,dfa22e57-5b54-457b-80ec-8692ae3d76fb,ff13e030-b20f-4e3a-9b03-107ad34e60e2,1052,2.36,445.76,49,0,0.0,20.0,0.0,6.0,0.0,26,SURPLUS
2a9634ab-a534-43b8-935a-c92b67b16384,8424e662-7291-4919-8616-aacf78358fd3,9a53231e-0e18-4d29-bdca-292c99ec84ba,1277,11.86,107.67,249,0,0.0,10.0,5.0,12.0,0.0,27,SURPLUS
34b1fd57-49a2-4e54-a86c-3e5ce5ccef78,4ae98cc1-cb3c-4e5f-b6cd-1f83ea5d4c77,9a53231e-0e18-4d29-bdca-292c99ec84ba,24,2.29,10.48,48,0,10.06,10.0,15.0,10.0,0.0,45,MEDIUM
fbc0f6f9-4a6d-44bb-82ad-19796afe0f66,9661edfb-44f7-44b7-8277-f3cf478fe4ff,01784c47-9315-4127-9c05-27a071585e68,1335,9.43,141.57,198,0,0.0,20.0,5.0,12.0,0.0,37,MEDIUM
2f14e7bd-1dc5-4bf1-9699-fb1a1547190e,3148a08c-9795-4ef7-b51a-d8a942e504f9,01784c47-9315-4127-9c05-27a071585e68,464,1.93,240.41,40,0,0.0,30.0,0.0,12.0,0.0,42,MEDIUM
9dfdd094-1945-4ac3-8cfa-5777fb9278d8,dfa22e57-5b54-457b-80ec-8692ae3d76fb,01cd046f-95fc-4dea-9678-599982917387,179,1.0,179.0,21,0,0.0,20.0,5.0,13.0,0.0,38,MEDIUM
d8c8fa66-adf4-4713-8f81-2707832f8f0e,5be0da05-9400-4be2-a7c4-424f68c6dee4,a34551bd-187b-46a8-bd4d-422c06eff0fa,1177,1.0,1177.0,21,0,0.0,10.0,0.0,0.0,0.0,10,SURPLUS
402d92dc-f64e-4275-9665-7c26cfdc4b6e,4ae98cc1-cb3c-4e5f-b6cd-1f83ea5d4c77,bf864bc6-3ff9-40df-b3ba-15a657cad795,1432,17.57,81.5,368,0,0.0,30.0,15.0,14.0,0.0,59,MEDIUM
cabf6a47-d5cb-4bf1-a5fc-9fe067d88569,a4b70abc-ae12-45f7-8dc3-49390eeb354e,b63d347c-6b83-4d04-bd6c-c7121f882ad8,480,10.07,47.67,211,0,0.0,10.0,10.0,1.0,0.0,21,SURPLUS
2d6c8738-2549-490e-927b-f643ab613572,ba01ba31-4727-4fae-ad1e-216f0c07e61c,ff13e030-b20f-4e3a-9b03-107ad34e60e2,469,2.36,198.73,49,0,0.0,10.0,10.0,14.0,0.0,34,MEDIUM
82a4e3cf-b3c4-4180-85d4-ea2a5939815a,5be0da05-9400-4be2-a7c4-424f68c6dee4,0039f91e-39c5-486b-a312-c8b9c9dc9586,1060,1.5,706.67,31,0,0.0,20.0,5.0,0.0,0.0,25,SURPLUS
abf6e001-9151-4b63-a56d-4fa912c13ba7,5be0da05-9400-4be2-a7c4-424f68c6dee4,f1813e98-4204-47e6-b9ba-d3aa93a3b684,448,1.0,448.0,21,0,0.0,20.0,15.0,3.0,0.0,38,MEDIUM
11e03d0e-6913-4a88-a333-e9526801c9f9,ba01ba31-4727-4fae-ad1e-216f0c07e61c,01cd046f-95fc-4dea-9678-599982917387,19,1.0,19.0,21,0,0.0,30.0,0.0,6.0,0.0,36,MEDIUM
37c1e7c1-e14e-48fd-9ec7-488a98799a68,b007baa1-37d0-435d-88a2-b603e821f4e1,705ab241-d938-4ded-8eb5-490d149e246d,1252,1.0,1252.0,21,0,0.0,30.0,15.0,12.0,0.0,57,MEDIUM
42faef13-9d23-40bd-b235-1f3645158e21,b007baa1-37d0-435d-88a2-b603e821f4e1,a2d9fd18-ea3e-44be-a0a7-f2014ccca209,1195,14.93,80.04,313,0,0.0,10.0,15.0,1.0,0.0,26,SURPLUS
fba3e331-fddd-4500-921b-3fb6474d56da,8c9dd271-7fe2-4838-95b7-ecf6fb2d9d2c,5a109267-5c8d-4c13-a090-ae986b471434,1283,11.64,110.22,244,0,0.0,20.0,0.0,12.0,0.0,32,MEDIUM
a10a6958-ab22-4fec-9dce-400606e21ab2,0395b295-1937-4d01-9a55-8c1628ca811e,9a53231e-0e18-4d29-bdca-292c99ec84ba,260,4.21,61.76,88,0,0.0,20.0,0.0,14.0,0.0,34,MEDIUM
141aa1e8-0150-4e05-b3ad-7ee59c1c9d70,4bd7ab0d-7a82-4e3f-a689-9d5bb57f24af,754d3a11-7747-40c8-af49-b24454d8d20a,216,7.5,28.8,157,0,0.0,10.0,0.0,1.0,0.0,11,SURPLUS
44ce286c-5b78-4a42-8965-229155f74ba4,65300365-fddf-4f82-9622-06ddc4c773d5,a34551bd-187b-46a8-bd4d-422c06eff0fa,1359,1.0,1359.0,21,0,0.0,10.0,5.0,13.0,0.0,28,SURPLUS
db9bb584-af9f-44f2-b31a-04d909c9549d,deebacc1-8096-49c3-adbd-e050753ed64d,bf864bc6-3ff9-40df-b3ba-15a657cad795,577,9.14,63.13,191,0,0.0,10.0,0.0,9.0,0.0,19,SURPLUS
0e502d00-b91d-44ad-ade0-082ae8f484aa,9661edfb-44f7-44b7-8277-f3cf478fe4ff,7c2d76e0-6fbe-4bf9-9480-1926f496b863,164,10.07,16.29,211,0,0.0,10.0,10.0,2.0,0.0,22,SURPLUS
4521c455-ca33-4c51-a9e3-55482dccbb44,dfa22e57-5b54-457b-80ec-8692ae3d76fb,036236bd-b018-4ef5-a638-51d9eb2cf63b,431,1.0,431.0,21,0,0.0,20.0,0.0,13.0,0.0,33,MEDIUM
705c4751-15a1-4103-b0c6-4bb9a33d1f74,dfa22e57-5b54-457b-80ec-8692ae3d76fb,6a712ccd-a3a0-4092-8093-e0519a4b9c05,253,14.64,17.28,307,0,0.0,10.0,0.0,14.0,0.0,24,SURPLUS
d824778c-56e2-455d-875d-0ad43afe0a61,65300365-fddf-4f82-9622-06ddc4c773d5,0039f91e-39c5-486b-a312-c8b9c9dc9586,67,2.86,23.43,60,0,0.0,30.0,0.0,11.0,0.0,41,MEDIUM
e3889181-9b13-4511-9ee3-4c7f59f7ad8c,4efa322e-b7da-46a3-8997-0c5785d3443a,9a53231e-0e18-4d29-bdca-292c99ec84ba,1043,1.14,914.91,23,0,0.0,30.0,10.0,2.0,0.0,42,MEDIUM
764aec23-2845-43e6-b2da-e9079d18191e,d9232cfb-c4f1-4e59-8121-2970b4908912,b63d347c-6b83-4d04-bd6c-c7121f882ad8,327,7.21,45.35,151,0,0.0,10.0,0.0,9.0,0.0,19,SURPLUS
adce1a08-86fe-4217-8dbc-0d0900d56105,65300365-fddf-4f82-9622-06ddc4c773d5,f1813e98-4204-47e6-b9ba-d3aa93a3b684,1473,13.93,105.74,292,0,0.0,10.0,5.0,9.0,0.0,24,SURPLUS
92b8a5c5-9f69-422c-acb7-c3619057f0fe,5e3c8af4-67c2-4470-912a-ecb7bb53f406,a03b95f0-c856-4224-8adb-482640830177,1485,1.0,1485.0,21,0,0.0,10.0,0.0,10.0,0.0,20,SURPLUS
679b248a-d87d-4608-9784-502d131303c0,5e3c8af4-67c2-4470-912a-ecb7bb53f406,b63d347c-6b83-4d04-bd6c-c7121f882ad8,565,11.43,49.43,240,0,0.0,30.0,0.0,0.0,0.0,30,MEDIUM
