id,facility_id,drug_id,batch_id,quantity_on_hand,quantity_reserved,quantity_damaged
fffb97c8-36b5-4db0-8511-209b8c18236d,4bd7ab0d-7a82-4e3f-a689-9d5bb57f24af,81cfce7a-db8c-41bc-8a00-27f2cd737bf8,41317497-baad-49dd-9e46-53228fa0e6ce,711,0,0
f7c23cc1-15c6-4001-8775-c33ca4631081,4412a3ea-7898-42e2-8fb3-7afd57d7d349,81cfce7a-db8c-41bc-8a00-27f2cd737bf8,7f042d37-5628-456c-bd8c-eca77d4d5a20,1094,0,0
70ee3eb4-f7fa-43df-b375-8ebca4fc213a,1dd19dd7-312d-48db-9235-3d33d6952c2e,81cfce7a-db8c-41bc-8a00-27f2cd737bf8,7e11e77c-212f-48b8-a30b-7f7b8fa3eaf7,3251,0,0
33508bda-3e80-454f-b366-4198c36a4e9a,3148a08c-9795-4ef7-b51a-d8a942e504f9,81cfce7a-db8c-41bc-8a00-27f2cd737bf8,b172e806-7fb2-432f-89f5-528f262b0286,277,0,0
5b385788-44ae-48df-bb1e-b1ef56f4d35a,4412a3ea-7898-42e2-8fb3-7afd57d7d349,81cfce7a-db8c-41bc-8a00-27f2cd737bf8,8499cc5f-b9dc-48bb-ab86-3992be91f9af,3140,0,0
6267f046-c0aa-4156-9d84-f53b4f57a512,0395b295-1937-4d01-9a55-8c1628ca811e,81cfce7a-db8c-41bc-8a00-27f2cd737bf8,59e2b5f7-1df5-4b43-a72c-86dff16d8f4c,1510,0,0
67c64b78-78bb-41e9-9dfa-d44a57aa592d,4efa322e-b7da-46a3-8997-0c5785d3443a,81cfce7a-db8c-41bc-8a00-27f2cd737bf8,8d27885c-3d81-40ad-94d6-c9d5adc65a25,3319,0,0
5e4aedc7-0d42-411d-ac56-ca9165d282f2,4efa322e-b7da-46a3-8997-0c5785d3443a,81cfce7a-db8c-41bc-8a00-27f2cd737bf8,e7154492-addd-4246-80db-723f9ee74b65,333,0,0
af35e779-41e7-4923-b4ad-80ecd41f3a28,d9232cfb-c4f1-4e59-8121-2970b4908912,81cfce7a-db8c-41bc-8a00-27f2cd737bf8,b863fe78-2cf4-4dee-a0a6-9867573a82fe,1473,0,0
d67fd269-09da-4ae9-b03c-b767eb5eeaa8,8c9dd271-7fe2-4838-95b7-ecf6fb2d9d2c,81cfce7a-db8c-41bc-8a00-27f2cd737bf8,b3f7972a-85ef-4fef-990e-bd259c276d45,2358,0,0
edb10aa1-70fa-4b8b-ab87-dc750dd9a5cb,65300365-fddf-4f82-9622-06ddc4c773d5,08cf44a2-7843-40db-8be5-b7ec90054e44,da12b073-0236-4e41-9eb8-9ba502d7261c,1451,0,0
6ab7e38d-7f45-4c4b-82c7-78be8e26b370,d9232cfb-c4f1-4e59-8121-2970b4908912,08cf44a2-7843-40db-8be5-b7ec90054e44,27d3d403-f001-41bd-ae6f-4c3331eac46c,1650,0,0
ff9dcfd6-95ed-48d3-ad33-3261e48c7b1d,ba01ba31-4727-4fae-ad1e-216f0c07e61c,08cf44a2-7843-40db-8be5-b7ec90054e44,78b6bc85-b102-4380-a5d9-ab8c2852046c,1292,0,0
fb1121b9-cc65-48f4-b2a4-4f5865384be9,52b26c2e-5540-42a1-a8c0-5f96b1a7df56,08cf44a2-7843-40db-8be5-b7ec90054e44,7e8a30c7-51aa-4281-89be-a742d8b3774a,962,0,0
f0418b40-6d68-4671-a4c2-5ea28c332729,0395b295-1937-4d01-9a55-8c1628ca811e,08cf44a2-7843-40db-8be5-b7ec90054e44,a8d6b879-127f-4f15-bf79-f63089646add,365,0,0
457fa414-1ef1-4ae5-bc16-0a4e145e2fc1,1dd19dd7-312d-48db-9235-3d33d6952c2e,08cf44a2-7843-40db-8be5-b7ec90054e44,0ce49aa1-00af-4a57-ae7f-b410691a2d23,1097,0,0
26ec4625-104b-4534-b3fd-79b0f8a99b3e,daceb465-bb39-4f15-8e6d-00a26b0b331e,08cf44a2-7843-40db-8be5-b7ec90054e44,1f4a7bfb-b6f2-46d1-9392-041bb9c50cbb,629,0,0
81faf718-6704-4629-8a78-dc0b6cc01221,8c9dd271-7fe2-4838-95b7-ecf6fb2d9d2c,08cf44a2-7843-40db-8be5-b7ec90054e44,1b26c8ff-287a-48e7-bc51-ad850b9e15d1,546,0,0
129d5444-c05d-4638-8d35-4aec87fb0f26,6c62826c-5647-4a14-bc5c-84f2cdfde6ae,08cf44a2-7843-40db-8be5-b7ec90054e44,17dde71e-6c92-40de-a774-db52c6f898bc,926,0,0
d0cc8f4a-d113-4d04-87eb-e86e4bf90334,ba01ba31-4727-4fae-ad1e-216f0c07e61c,08cf44a2-7843-40db-8be5-b7ec90054e44,ed6fc7ee-35dc-4842-b1aa-5393cdd767eb,2723,0,0
91364e2a-fb67-49a9-b5c8-1dafec6a750d,dfa22e57-5b54-457b-80ec-8692ae3d76fb,74970ff4-2a08-4f93-a3e3-06c395e7cc5d,9b3b6354-8520-4623-bccd-d28851660eb1,4114,0,0
18bd0121-f008-4469-bb0e-61dd34c5aa1d,24fe0dbe-455f-431e-9ccb-31c13ea1ee3e,74970ff4-2a08-4f93-a3e3-06c395e7cc5d,5850e242-6f1c-400d-b8f2-0ad9d67de663,1833,0,0
214f8281-4c82-4586-bb9c-8dd8e3435c21,52b26c2e-5540-42a1-a8c0-5f96b1a7df56,74970ff4-2a08-4f93-a3e3-06c395e7cc5d,ce61a626-d680-44b7-a12e-ed9a0b64bf63,333,0,0
fce10ba7-65af-4152-8c88-198a5ef11be7,d9232cfb-c4f1-4e59-8121-2970b4908912,74970ff4-2a08-4f93-a3e3-06c395e7cc5d,4409416e-abca-4058-8b4e-8974eb549a2c,1909,0,0
b332fcb0-028e-4e1c-aec5-a2374798d756,65300365-fddf-4f82-9622-06ddc4c773d5,74970ff4-2a08-4f93-a3e3-06c395e7cc5d,df5be06f-11b9-40f4-ab1f-56a0e2ce5bee,685,0,0
6e67c457-50e1-495c-94d9-1b03a1f2596b,5e3c8af4-67c2-4470-912a-ecb7bb53f406,74970ff4-2a08-4f93-a3e3-06c395e7cc5d,213eeb4f-9404-4c0f-bfe6-e542d8e8f5b3,871,0,0
a23367c6-8522-44b7-b631-1f88b8fb0a9f,daceb465-bb39-4f15-8e6d-00a26b0b331e,74970ff4-2a08-4f93-a3e3-06c395e7cc5d,b239784d-440e-46eb-b0d9-5cc2a1465ef2,724,0,0
3abefdf1-fce6-4d03-b455-2c9bdccb71e9,1a119cae-1a63-436a-b4b4-7221f0e23bb8,74970ff4-2a08-4f93-a3e3-06c395e7cc5d,164f64a6-3661-4885-a31a-778ca57d5c48,690,0,0
de838670-ae43-4692-9aac-b668e60bac32,4bd7ab0d-7a82-4e3f-a689-9d5bb57f24af,74970ff4-2a08-4f93-a3e3-06c395e7cc5d,fbf2913a-bdc7-4b10-84a3-390a5d6578f9,168,0,0
a78be6c4-3a17-4f27-b5e4-04dd66d5c6dc,24fe0dbe-455f-431e-9ccb-31c13ea1ee3e,74970ff4-2a08-4f93-a3e3-06c395e7cc5d,83edc0de-3d9e-4971-9dff-23fd3ddfa6d1,1114,0,0
0906a216-0099-451e-aaf5-7224c48d80f4,4412a3ea-7898-42e2-8fb3-7afd57d7d349,7c2d76e0-6fbe-4bf9-9480-1926f496b863,4b839ab4-095c-432f-a720-9055f4a82568,521,0,0
6daad019-e507-43e4-b1bd-ea7a2f237350,1a119cae-1a63-436a-b4b4-7221f0e23bb8,7c2d76e0-6fbe-4bf9-9480-1926f496b863,19d0411e-3b69-44b3-817e-a1ce7374ed4c,2002,0,0
6ab324bc-6927-481f-b3d2-fad90c56142b,5e3c8af4-67c2-4470-912a-ecb7bb53f406,7c2d76e0-6fbe-4bf9-9480-1926f496b863,83d57218-678a-4718-bea5-485d7a63a4a0,974,0,0
6d076ce7-421c-4816-a8d8-dc4e0bde8d5c,deebacc1-8096-49c3-adbd-e050753ed64d,7c2d76e0-6fbe-4bf9-9480-1926f496b863,8b2859db-f987-4111-acb5-1423772ef90d,874,0,0
a1af2278-1fb6-4563-8f65-2a094e26999f,f4957732-1c15-480e-a95c-168c44e645f3,7c2d76e0-6fbe-4bf9-9480-1926f496b863,0d1de61e-ed57-411a-a987-e8b0b91ec728,1906,0,0
6384ac65-befb-44e7-935b-7c5b2b1108c0,6c62826c-5647-4a14-bc5c-84f2cdfde6ae,7c2d76e0-6fbe-4bf9-9480-1926f496b863,da4e7063-d4ea-4f08-acc2-f580ea46d594,1835,0,0
c9f851ff-a19c-40e4-81e0-59cd112d9748,f4957732-1c15-480e-a95c-168c44e645f3,7c2d76e0-6fbe-4bf9-9480-1926f496b863,969e2e57-34b5-42cf-8e16-e10ea15793cc,388,0,0
89ae69ab-0b25-459e-98d0-d5168964f1d8,9661edfb-44f7-44b7-8277-f3cf478fe4ff,7c2d76e0-6fbe-4bf9-9480-1926f496b863,8cc0a56b-b3ef-49d6-8eb0-0c22e2c1b89c,853,0,0
eb1b24bb-c8d4-47fa-8128-c713634b82d3,b007baa1-37d0-435d-88a2-b603e821f4e1,7c2d76e0-6fbe-4bf9-9480-1926f496b863,914aaa5a-d5c9-4866-853b-d626598f638e,627,0,0
3d42ece5-c3bb-4970-acc0-d2c3ce0026d5,4ae98cc1-cb3c-4e5f-b6cd-1f83ea5d4c77,7c2d76e0-6fbe-4bf9-9480-1926f496b863,305108d5-6c9b-4791-95ef-b3d895987116,1295,0,0
d7c5c060-a4a2-427e-bacd-075068662516,9661edfb-44f7-44b7-8277-f3cf478fe4ff,d3c01138-9905-4d76-bf2b-64490842f674,d0d480ef-07fa-41bf-b283-cffef4bb61c7,3064,0,0
c423c321-7921-4e1b-87a5-0b90adbf36ea,6c62826c-5647-4a14-bc5c-84f2cdfde6ae,d3c01138-9905-4d76-bf2b-64490842f674,3833c4bb-ee3a-4999-8a55-a0bc98bc391d,1352,0,0
4d777721-f46f-487e-b5a4-859c8fd93c67,a4b70abc-ae12-45f7-8dc3-49390eeb354e,d3c01138-9905-4d76-bf2b-64490842f674,4e4221cb-494e-4384-9976-abf5ad92c3ce,1962,0,0
2952861d-87dc-47e4-a05c-6d5ae5874ee9,e400d1d0-c992-4b6e-b9e4-1978eb1c1d37,d3c01138-9905-4d76-bf2b-64490842f674,d8f12304-0e56-438a-be01-277b0d0817f4,2766,0,0
375cf10a-08a5-4727-82de-f54df42572ce,4bd7ab0d-7a82-4e3f-a689-9d5bb57f24af,d3c01138-9905-4d76-bf2b-64490842f674,06d4759a-d11d-45d6-ae11-1fc970c92afa,1612,0,0
66811d52-c75d-42f3-8bab-55394ce75819,5e3c8af4-67c2-4470-912a-ecb7bb53f406,d3c01138-9905-4d76-bf2b-64490842f674,825b47d2-3db5-45fd-9dae-1b95c8a60fd7,1680,0,0
bcb81797-5526-473f-9a4e-76e8dd1f5763,5e3c8af4-67c2-4470-912a-ecb7bb53f406,d3c01138-9905-4d76-bf2b-64490842f674,ff32800e-9af1-48d0-a0fb-600f1687219c,3455,0,0
b47d5392-323c-4cee-8f72-de6f627813eb,3aa8a907-2778-4339-8b1f-5849cad16428,d3c01138-9905-4d76-bf2b-64490842f674,b2c67685-ec8f-447e-888b-01fa6a0b5199,3206,0,0
f933b026-fa4c-4e80-bb5c-950b99ff4084,ba01ba31-4727-4fae-ad1e-216f0c07e61c,d3c01138-9905-4d76-bf2b-64490842f674,f17a5591-22d6-43c4-a91e-5843ace0478c,3572,0,0
c18fda1d-48da-44a4-ab3f-43bd29ed021a,4efa322e-b7da-46a3-8997-0c5785d3443a,d3c01138-9905-4d76-bf2b-64490842f674,98b4c94e-5218-4eaf-94ca-5c1c1db26718,1504,0,0
34eee3f2-f97e-47df-bd72-f15ca010073e,4efa322e-b7da-46a3-8997-0c5785d3443a,bf864bc6-3ff9-40df-b3ba-15a657cad795,c8d8c390-c1f0-4f86-b241-6a7c82deb521,1972,0,0
b1417dfd-570e-447b-bea7-5f35e4723f59,d9232cfb-c4f1-4e59-8121-2970b4908912,bf864bc6-3ff9-40df-b3ba-15a657cad795,bca6dc9c-9e9e-4b9b-9d48-261b850de664,1028,0,0
93b5ad2c-3723-4737-9d0e-0426ca755061,d9232cfb-c4f1-4e59-8121-2970b4908912,bf864bc6-3ff9-40df-b3ba-15a657cad795,2a37e0ca-5603-4225-bd52-5a9a6403bc0b,1622,0,0
2ce245e5-7024-4cf3-9653-5c2406ca4257,4bd7ab0d-7a82-4e3f-a689-9d5bb57f24af,bf864bc6-3ff9-40df-b3ba-15a657cad795,4fa494c5-cea7-4a2b-81c4-d2bd4e4976dd,938,0,0
fa59f3d4-84aa-46f2-9152-93081d8df92c,d9232cfb-c4f1-4e59-8121-2970b4908912,bf864bc6-3ff9-40df-b3ba-15a657cad795,f0817316-2abb-40fe-8ae1-299dc9089dff,2839,0,0
ca35fdba-2c8c-4021-9a70-8d8a1730cc51,4efa322e-b7da-46a3-8997-0c5785d3443a,bf864bc6-3ff9-40df-b3ba-15a657cad795,6c6e8ca5-5be8-4495-b3b4-2ee783cde92e,1111,0,0
bcbff47b-fcec-4e19-8821-5057945be7ee,4ae98cc1-cb3c-4e5f-b6cd-1f83ea5d4c77,bf864bc6-3ff9-40df-b3ba-15a657cad795,852b72f2-bf5e-48a9-a1cd-05f514b016f3,3162,0,0
423eeae1-19bc-4ec5-9a41-2ee9df398957,4ae98cc1-cb3c-4e5f-b6cd-1f83ea5d4c77,bf864bc6-3ff9-40df-b3ba-15a657cad795,9a490953-062a-4e06-a8c5-1832cc76ad0b,1932,0,0
c300611b-2c17-47b3-b3e5-e081daa5f0dd,4bd7ab0d-7a82-4e3f-a689-9d5bb57f24af,bf864bc6-3ff9-40df-b3ba-15a657cad795,7143a098-b274-4f83-93d2-a26ea698d2d5,623,0,0
c751d686-e3bb-4d57-b4b8-c3bdf7e9c979,deebacc1-8096-49c3-adbd-e050753ed64d,bf864bc6-3ff9-40df-b3ba-15a657cad795,0ad23181-f0bd-4b7d-96e8-3da4793782dd,604,0,0
756b67d5-0b5c-49dd-9e89-86032d268d45,8424e662-7291-4919-8616-aacf78358fd3,ab85addb-363b-44a6-a129-ab0844ddb444,755df0b4-ea6c-4cf6-9c03-c63e7f33ab63,1845,0,0
ca6cebbf-08d4-4450-9586-e9aeeb47473f,1a119cae-1a63-436a-b4b4-7221f0e23bb8,ab85addb-363b-44a6-a129-ab0844ddb444,812a0829-8391-428a-b169-94c6d3e496eb,3893,0,0
5d797272-4377-407e-ba76-41cd90d79f9c,6c62826c-5647-4a14-bc5c-84f2cdfde6ae,ab85addb-363b-44a6-a129-ab0844ddb444,36349488-6993-4ebf-835c-111d5f1d4e6f,507,0,0
be71fdac-7ce1-495c-9ec9-44a038ff5ce6,4ae98cc1-cb3c-4e5f-b6cd-1f83ea5d4c77,ab85addb-363b-44a6-a129-ab0844ddb444,a73b9442-ef82-461c-ac6d-aa14215e98a6,3320,0,0
0cef23e9-33ae-477a-8803-760d10fa147c,b007baa1-37d0-435d-88a2-b603e821f4e1,ab85addb-363b-44a6-a129-ab0844ddb444,189ba5b1-bcfa-4634-a9d0-750ec82ca6a8,406,0,0
eba9eabd-b55c-459a-9849-8b9d3a90475a,daceb465-bb39-4f15-8e6d-00a26b0b331e,ab85addb-363b-44a6-a129-ab0844ddb444,d7f94956-52f4-43cc-9bf6-e5c3db9b9884,2787,0,0
1e4bff1f-fb0f-43f4-87a2-f098cf1e3bc8,4ae98cc1-cb3c-4e5f-b6cd-1f83ea5d4c77,ab85addb-363b-44a6-a129-ab0844ddb444,ce2520ca-815b-420d-9ac4-e58ba0721282,183,0,0
1999a55e-7d9b-43ac-beb3-8c5b25d1d75c,5e3c8af4-67c2-4470-912a-ecb7bb53f406,ab85addb-363b-44a6-a129-ab0844ddb444,0e9da383-0abb-4631-86cf-57961890cc54,1585,0,0
5fa8d167-e969-40d7-ba24-5dbc0e323f50,ba01ba31-4727-4fae-ad1e-216f0c07e61c,ab85addb-363b-44a6-a129-ab0844ddb444,6d10fea0-9316-4564-8bfc-027f094816df,1740,0,0
f0d66026-d399-44f8-839b-335301d6dc3f,d9232cfb-c4f1-4e59-8121-2970b4908912,ab85addb-363b-44a6-a129-ab0844ddb444,4ba5e0d5-a501-42c8-82b8-9c348fdb1895,695,0,0
8891e2f7-eaa0-403c-ba6a-e3b397fc02da,c7a9dd13-87f4-463c-b2b9-621c5b778c49,ff13e030-b20f-4e3a-9b03-107ad34e60e2,eae1b9a3-5914-4e14-8226-8fe78722e90e,483,0,0
1474269b-9c3d-4b41-852d-fbb57652b92d,6c62826c-5647-4a14-bc5c-84f2cdfde6ae,ff13e030-b20f-4e3a-9b03-107ad34e60e2,1961e3f5-df67-48c2-80f7-13d9a30d944c,497,0,0
f6bfb034-6550-4f02-a1bb-d75e146aa647,c7a9dd13-87f4-463c-b2b9-621c5b778c49,ff13e030-b20f-4e3a-9b03-107ad34e60e2,3885e28c-d8d0-444b-9d30-5b49617e62cb,959,0,0
e241e9bc-2591-4bb2-822c-93962afa29e7,b007baa1-37d0-435d-88a2-b603e821f4e1,ff13e030-b20f-4e3a-9b03-107ad34e60e2,9da1aab8-deb0-42b4-ad33-3332c68a5703,722,0,0
bd49aa39-a426-455b-9e96-c9359a6c1b20,24fe0dbe-455f-431e-9ccb-31c13ea1ee3e,ff13e030-b20f-4e3a-9b03-107ad34e60e2,5a5c8692-95b9-4482-9198-7ea9262d6ecf,2770,0,0
2c1e8553-23f0-4b40-8250-e12577a057ac,1dd19dd7-312d-48db-9235-3d33d6952c2e,ff13e030-b20f-4e3a-9b03-107ad34e60e2,dc36727e-e879-4a9b-bd46-5cd0f9f2f82f,397,0,0
59b6f2a4-7595-446c-91f3-05e562258017,1dd19dd7-312d-48db-9235-3d33d6952c2e,ff13e030-b20f-4e3a-9b03-107ad34e60e2,553d3ec5-26d9-4267-ac4d-377efdd3faad,808,0,0
6293cc89-8beb-4abf-8d54-5fef70f589dd,52b26c2e-5540-42a1-a8c0-5f96b1a7df56,ff13e030-b20f-4e3a-9b03-107ad34e60e2,3a4adb54-76a3-440d-8ba8-d94f42643e24,1113,0,0
96a3cabd-14b6-4594-bf26-9ee6cf599783,3ee58fbc-dd4d-4664-94e2-2e2e1d7f2de1,ff13e030-b20f-4e3a-9b03-107ad34e60e2,308e15bc-607c-4729-80f4-6666696d9a29,2307,0,0
e91238bc-de84-49a7-bab5-63424a2d3ded,38f50c5b-9a42-4af1-b031-32babb5c47b5,ff13e030-b20f-4e3a-9b03-107ad34e60e2,9efbabe6-c3c6-48bf-9ef2-3d8ecd940d14,877,0,0
d7ef0f2b-c859-4f3c-bd35-1f2177145f9b,65300365-fddf-4f82-9622-06ddc4c773d5,ed3ad51d-dc53-4e58-9e93-f83383f3d25f,3e43e4fe-d84c-464f-af1d-b3bfe9121c17,2171,0,0
7ba879fb-e57d-42de-91a3-717fa68aacb6,6c62826c-5647-4a14-bc5c-84f2cdfde6ae,ed3ad51d-dc53-4e58-9e93-f83383f3d25f,ce44d05d-c5c3-45fc-8a1d-329b84dbb018,391,0,0
5ccc2ab3-6394-41a5-98c6-7ca7f9644134,9661edfb-44f7-44b7-8277-f3cf478fe4ff,ed3ad51d-dc53-4e58-9e93-f83383f3d25f,7064bfd1-26b8-4598-934a-5023e33e8f80,1490,0,0
244a9f1e-7a8c-4552-b393-0b815f4b7f96,1a119cae-1a63-436a-b4b4-7221f0e23bb8,ed3ad51d-dc53-4e58-9e93-f83383f3d25f,c3a4d465-de2f-4557-91e8-596568371ebd,142,0,0
bf595430-0e93-4767-b225-386f9ceda234,f4957732-1c15-480e-a95c-168c44e645f3,ed3ad51d-dc53-4e58-9e93-f83383f3d25f,f4c3ff66-b116-41b1-b7c7-b226589b0364,327,0,0
3775fc4d-e376-43b0-8967-7a2b9bf28477,8424e662-7291-4919-8616-aacf78358fd3,ed3ad51d-dc53-4e58-9e93-f83383f3d25f,2caebea7-1f78-426c-a936-e4b1c0c7c92c,583,0,0
09c45b69-33a3-4a77-b871-8bb932bf03ee,dfa22e57-5b54-457b-80ec-8692ae3d76fb,ed3ad51d-dc53-4e58-9e93-f83383f3d25f,2a7a21cd-1dcd-48fb-b0ec-eaf541e8075f,489,0,0
d6364200-4376-457c-89e2-9b281b38a8c9,5be0da05-9400-4be2-a7c4-424f68c6dee4,ed3ad51d-dc53-4e58-9e93-f83383f3d25f,0e943739-0d86-4101-8916-f2b205d38c74,691,0,0
66ad8fbd-b741-40db-a4f5-9a6c459a54c6,1a119cae-1a63-436a-b4b4-7221f0e23bb8,ed3ad51d-dc53-4e58-9e93-f83383f3d25f,e1fc8a60-785c-4ef0-8270-6ed38cdfa2a6,1169,0,0
016b8a4d-03b6-4809-8dca-cd785fb61239,c7a9dd13-87f4-463c-b2b9-621c5b778c49,ed3ad51d-dc53-4e58-9e93-f83383f3d25f,5673c46b-3329-49f5-a234-d58225dda26d,486,0,0
743e908d-073f-4a8d-8422-fcb9df1d1b29,e400d1d0-c992-4b6e-b9e4-1978eb1c1d37,4181b429-be0e-4aa8-86ff-43647a0bf2c0,54beee3d-bef2-46c3-9cc9-d77afc16beb7,2265,0,0
42fda046-d217-460d-a592-d7786f61eca5,65300365-fddf-4f82-9622-06ddc4c773d5,4181b429-be0e-4aa8-86ff-43647a0bf2c0,638b22ab-890a-4a22-98ad-e087e0336055,675,0,0
979ccf5e-20d4-40b5-a296-b7bce2d5ec9d,9661edfb-44f7-44b7-8277-f3cf478fe4ff,4181b429-be0e-4aa8-86ff-43647a0bf2c0,0fa7740a-5466-4342-bd0b-eda510350dd1,1139,0,0
5007d323-6739-4f3f-ad6a-b1466586f039,38f50c5b-9a42-4af1-b031-32babb5c47b5,4181b429-be0e-4aa8-86ff-43647a0bf2c0,11b8c586-0200-4b3c-a596-600abbc0c54e,1769,0,0
84b362cb-0287-4a68-b065-ba3549fe32f9,b007baa1-37d0-435d-88a2-b603e821f4e1,4181b429-be0e-4aa8-86ff-43647a0bf2c0,0b082565-2b57-4568-98b3-850606c8b781,4017,0,0
ee5ee970-e0ae-4fa2-bc00-355e435c7563,4412a3ea-7898-42e2-8fb3-7afd57d7d349,4181b429-be0e-4aa8-86ff-43647a0bf2c0,f48acce1-df1d-4cff-9a05-04faebe16c43,1638,0,0
102273d8-e456-491d-bc70-85bbf91fe404,3ee58fbc-dd4d-4664-94e2-2e2e1d7f2de1,4181b429-be0e-4aa8-86ff-43647a0bf2c0,4cbad815-80cd-49d6-b517-ec00c7750300,297,0,0
99a4b3ec-2995-43a3-90c6-826107a80743,a4b70abc-ae12-45f7-8dc3-49390eeb354e,4181b429-be0e-4aa8-86ff-43647a0bf2c0,0aa98b59-dd55-49e8-823d-8b282ff694c3,1046,0,0
01e9431b-1a31-4de8-99b4-3fe83b2d5653,65300365-fddf-4f82-9622-06ddc4c773d5,4181b429-be0e-4aa8-86ff-43647a0bf2c0,43e2f46c-52d6-49be-b86d-c1a670c77fac,928,0,0
71b1c8bd-a8aa-49e4-ba21-4d6c2561bb73,ba01ba31-4727-4fae-ad1e-216f0c07e61c,4181b429-be0e-4aa8-86ff-43647a0bf2c0,60b360cd-4a20-4002-81dd-d9f815fabec7,484,0,0
5fe3ba0e-a31e-4d15-b8c7-0a7a0df18049,b007baa1-37d0-435d-88a2-b603e821f4e1,f8c19e25-ad28-4436-9696-19e32b3df743,6e51c8a4-b311-4d6f-95d7-0ec5994f2f91,503,0,0
e74d7b7a-8364-464c-b7bd-400534b88e43,9661edfb-44f7-44b7-8277-f3cf478fe4ff,f8c19e25-ad28-4436-9696-19e32b3df743,7971d028-126a-4f6e-b6fd-66d56fb9eae3,1755,0,0
8b9ecc89-3822-47f6-ba47-9c9e1f1532f6,f4957732-1c15-480e-a95c-168c44e645f3,f8c19e25-ad28-4436-9696-19e32b3df743,51e4e965-1d82-4d83-af3b-69fbfa8947fa,1586,0,0
ecdff0f2-5e26-4002-af84-93724325ab28,deebacc1-8096-49c3-adbd-e050753ed64d,f8c19e25-ad28-4436-9696-19e32b3df743,7ff9560b-8668-4401-b700-335902ea96fd,1919,0,0
4a992573-2287-401c-9047-4d0b5c633bda,dfa22e57-5b54-457b-80ec-8692ae3d76fb,f8c19e25-ad28-4436-9696-19e32b3df743,b2c1010e-0910-49ec-9f87-a6c9577b6d7d,2512,0,0
1ec454df-91cf-4caa-9d61-da6444cbaf91,8c9dd271-7fe2-4838-95b7-ecf6fb2d9d2c,f8c19e25-ad28-4436-9696-19e32b3df743,685a4328-b608-4a72-86e1-9cdc73b8fa5c,1351,0,0
ec98cbba-3dbf-4cac-b72d-ba90cf090904,b007baa1-37d0-435d-88a2-b603e821f4e1,f8c19e25-ad28-4436-9696-19e32b3df743,2eb42a84-9f23-492f-a346-a4b195d73be6,1927,0,0
ffccbe42-7f0c-44aa-8b68-6737ab8a493b,5e3c8af4-67c2-4470-912a-ecb7bb53f406,f8c19e25-ad28-4436-9696-19e32b3df743,70d98d3f-a621-4984-8e9d-e2eb0d71a20e,690,0,0
469e43d2-c319-462f-9eed-3adb6f2c5589,1a119cae-1a63-436a-b4b4-7221f0e23bb8,f8c19e25-ad28-4436-9696-19e32b3df743,a3199864-6edd-430a-a46d-0b78a686781a,810,0,0
5c475877-ad74-4d5a-8b63-12ffdec63e6c,5be0da05-9400-4be2-a7c4-424f68c6dee4,f8c19e25-ad28-4436-9696-19e32b3df743,485d0723-4378-4c76-8f65-7b485048c355,1525,0,0
2ce4766a-6215-4135-953e-177636b14583,e400d1d0-c992-4b6e-b9e4-1978eb1c1d37,ab7bb929-38ba-46f6-9e91-bf183d567069,713d1f9c-359b-4eb0-98fa-89dfb7d15fdc,754,0,0
08e78724-a12b-4b2b-8b5f-35a52484332e,24fe0dbe-455f-431e-9ccb-31c13ea1ee3e,ab7bb929-38ba-46f6-9e91-bf183d567069,2731004c-28b7-4161-a95d-7267cfe354d5,1817,0,0
81443d10-42d7-4225-813d-1073fdeea764,5e3c8af4-67c2-4470-912a-ecb7bb53f406,ab7bb929-38ba-46f6-9e91-bf183d567069,49769783-70c1-4634-a470-dc6d49bbae9d,2727,0,0
0d69b926-1e98-459a-b062-bafa3d8d91e0,dfa22e57-5b54-457b-80ec-8692ae3d76fb,ab7bb929-38ba-46f6-9e91-bf183d567069,11a1907e-137d-43b7-a5c7-b627b138295f,491,0,0
49705d21-ba45-43b7-898a-54eaa4f40fe7,1a119cae-1a63-436a-b4b4-7221f0e23bb8,ab7bb929-38ba-46f6-9e91-bf183d567069,4ecd7f67-44e8-4e6c-8c62-0eec38f6a3dc,1914,0,0
9d4fd0c6-c806-4848-a5f7-86e88123a9e8,65300365-fddf-4f82-9622-06ddc4c773d5,ab7bb929-38ba-46f6-9e91-bf183d567069,fb624c4b-a3ff-456c-85c6-b94aba6168f3,256,0,0
9eec12d1-c4e4-4e77-ba67-8467b511f8b6,3aa8a907-2778-4339-8b1f-5849cad16428,ab7bb929-38ba-46f6-9e91-bf183d567069,fec4aade-356b-4894-90c7-7ab49b0e04f7,1106,0,0
e20f7ab9-e22c-41b6-99c9-ff5c6ac23faa,5be0da05-9400-4be2-a7c4-424f68c6dee4,ab7bb929-38ba-46f6-9e91-bf183d567069,0a8fc179-cd38-488f-8990-618cdfd36555,510,0,0
e2384427-339e-4fd7-9d13-d61ecae202ea,deebacc1-8096-49c3-adbd-e050753ed64d,ab7bb929-38ba-46f6-9e91-bf183d567069,0a716b6b-42d3-4c98-ad34-92d74e466da9,1379,0,0
49eeb513-6f8e-4b92-8b2a-5d49f34b8157,4bd7ab0d-7a82-4e3f-a689-9d5bb57f24af,ab7bb929-38ba-46f6-9e91-bf183d567069,1cfba3b0-066b-42c1-9299-c6cb273d3e88,1097,0,0
b26cc6e7-0973-4611-9f65-a85e579c1835,c7a9dd13-87f4-463c-b2b9-621c5b778c49,480a6eaf-3d2f-41b3-9f9e-bc78c5014bdf,975ac140-5238-4a85-b880-dfea88950fe3,996,0,0
faef3a7b-6f68-4c4b-aff1-fa62d5c6abda,4412a3ea-7898-42e2-8fb3-7afd57d7d349,480a6eaf-3d2f-41b3-9f9e-bc78c5014bdf,baaa2409-8589-45f3-b2bf-b75174f99879,1152,0,0
a3da152e-1b13-440a-9050-89395a2c9ca6,dfa22e57-5b54-457b-80ec-8692ae3d76fb,480a6eaf-3d2f-41b3-9f9e-bc78c5014bdf,356f56eb-b3ab-4577-b0f9-c723e81b973d,477,0,0
15e135fb-750f-4fe8-9bcd-5f1224da9c07,4bd7ab0d-7a82-4e3f-a689-9d5bb57f24af,480a6eaf-3d2f-41b3-9f9e-bc78c5014bdf,860e7bd8-162c-4a01-aae3-780982d2751e,2616,0,0
7c0d5753-a00a-4d1f-b9f8-c6eb61e9cb41,8424e662-7291-4919-8616-aacf78358fd3,480a6eaf-3d2f-41b3-9f9e-bc78c5014bdf,923cc8d0-12f5-4241-90d7-4907c18cdda7,2057,0,0
360d2103-d055-42d1-a3de-62c5af98bc84,c7a9dd13-87f4-463c-b2b9-621c5b778c49,480a6eaf-3d2f-41b3-9f9e-bc78c5014bdf,161a623d-a637-44a4-aa82-4b9d61c56576,3406,0,0
ab4ba298-a7b5-4399-acab-969627590789,deebacc1-8096-49c3-adbd-e050753ed64d,480a6eaf-3d2f-41b3-9f9e-bc78c5014bdf,28d2665d-976a-4914-b80d-7ebf14047512,1281,0,0
25ba7ea7-7122-48a9-8c25-e0d8273460eb,daceb465-bb39-4f15-8e6d-00a26b0b331e,480a6eaf-3d2f-41b3-9f9e-bc78c5014bdf,5bf9d424-5c5a-4dc5-8a3d-0696793a9797,2095,0,0
2c2403fc-56a6-432c-8c68-81e0782729b4,6c62826c-5647-4a14-bc5c-84f2cdfde6ae,480a6eaf-3d2f-41b3-9f9e-bc78c5014bdf,36037cec-f4cd-492d-bc5b-12b2f22ae92b,852,0,0
977ce277-0d09-4eba-a1e4-260d3eeb5183,f4957732-1c15-480e-a95c-168c44e645f3,480a6eaf-3d2f-41b3-9f9e-bc78c5014bdf,3ed67e2e-1513-4b12-8e2f-b0b1a906e2c6,1607,0,0
4d8d2b07-eae5-4d5d-8ec2-5c3315ee4d11,deebacc1-8096-49c3-adbd-e050753ed64d,94919613-9376-4475-98a4-f1b9f4d9830a,1e3fa37d-af29-4a3e-a8df-ed0e53f7529a,1928,0,0
1e88d302-d3f4-4a41-ae0e-5fa918112a50,b007baa1-37d0-435d-88a2-b603e821f4e1,94919613-9376-4475-98a4-f1b9f4d9830a,08c0f7a6-581d-4ef0-9e86-2531111b8d28,2877,0,0
143ef525-399d-4037-adc5-bf3564ce719c,1dd19dd7-312d-48db-9235-3d33d6952c2e,94919613-9376-4475-98a4-f1b9f4d9830a,8efec3ba-06cd-4bfc-90ba-e06ad30271c4,821,0,0
71e5bbaf-fe72-403d-a144-d8b8ee986d1e,5e3c8af4-67c2-4470-912a-ecb7bb53f406,94919613-9376-4475-98a4-f1b9f4d9830a,d3101f41-88e6-4c2c-b8b5-08b984a4b43a,557,0,0
c4aa070c-6aeb-4545-aab7-d48e7fe0e496,deebacc1-8096-49c3-adbd-e050753ed64d,94919613-9376-4475-98a4-f1b9f4d9830a,7f71ef14-5c5f-482e-9f95-bde78a388555,2011,0,0
dd94f536-ffec-4d92-963a-7390f2416c09,5be0da05-9400-4be2-a7c4-424f68c6dee4,94919613-9376-4475-98a4-f1b9f4d9830a,02ca01d7-7ed8-47f5-8250-9265abecce95,1752,0,0
7143605e-50a2-4f94-90df-e67ff91e6925,4ae98cc1-cb3c-4e5f-b6cd-1f83ea5d4c77,94919613-9376-4475-98a4-f1b9f4d9830a,3b957230-f677-4b1d-8a04-ce6d73609bfd,3354,0,0
25b0e5ee-262a-413f-9ed5-98f1454d45e8,4efa322e-b7da-46a3-8997-0c5785d3443a,94919613-9376-4475-98a4-f1b9f4d9830a,631e12fa-c65c-4515-b508-2bfee3b407f7,225,0,0
7ff21a29-587f-4a3d-bced-057cd5cca7f7,38f50c5b-9a42-4af1-b031-32babb5c47b5,94919613-9376-4475-98a4-f1b9f4d9830a,b43e4b3f-ff94-43ed-9898-0a3dc0ad5294,2443,0,0
5385152e-de52-4529-91a5-079da2c74f3e,24fe0dbe-455f-431e-9ccb-31c13ea1ee3e,94919613-9376-4475-98a4-f1b9f4d9830a,6120934c-25da-4a03-a83f-01d617977b2c,1219,0,0
b75202b8-ac09-4607-987a-5af8fd15e64b,a4b70abc-ae12-45f7-8dc3-49390eeb354e,b63d347c-6b83-4d04-bd6c-c7121f882ad8,f63f6e67-6d40-42f4-8b37-b6ac1b29724d,983,0,0
b26240e3-3bed-4917-89f2-84ba57716c42,d9232cfb-c4f1-4e59-8121-2970b4908912,b63d347c-6b83-4d04-bd6c-c7121f882ad8,e724fd55-f95e-43ea-89e6-d77214dd8b82,547,0,0
68448948-ba35-4d29-869d-e155d3405676,9661edfb-44f7-44b7-8277-f3cf478fe4ff,b63d347c-6b83-4d04-bd6c-c7121f882ad8,c05df190-d6f5-4ca8-bba1-bc593cec06f8,1560,0,0
87f56723-fbb6-468a-a0c1-588a4d774545,8c9dd271-7fe2-4838-95b7-ecf6fb2d9d2c,b63d347c-6b83-4d04-bd6c-c7121f882ad8,d4a110f1-b907-43f3-8a8d-50f0148c3749,1814,0,0
b5b9232e-6029-4a2b-ab5b-12d604219f11,4412a3ea-7898-42e2-8fb3-7afd57d7d349,b63d347c-6b83-4d04-bd6c-c7121f882ad8,35f429d6-c3b6-46fa-a12f-000f07c24845,397,0,0
d7a92990-a8a6-4175-9ff2-78b88c47a177,4efa322e-b7da-46a3-8997-0c5785d3443a,b63d347c-6b83-4d04-bd6c-c7121f882ad8,5ae4579c-5854-47da-b65a-d2ee90876c2c,2190,0,0
bf3ba9e8-186f-4816-893e-04d416a24d25,5be0da05-9400-4be2-a7c4-424f68c6dee4,b63d347c-6b83-4d04-bd6c-c7121f882ad8,30acb565-482a-42a5-b33f-d90de30c1534,869,0,0
266c176e-2f7f-4bce-96a7-15b82c01e385,5e3c8af4-67c2-4470-912a-ecb7bb53f406,b63d347c-6b83-4d04-bd6c-c7121f882ad8,2558ff6f-dd86-4fb0-b568-dbcf7a67cfb5,469,0,0
a1520796-1992-4871-89dc-915269c07a59,24fe0dbe-455f-431e-9ccb-31c13ea1ee3e,b63d347c-6b83-4d04-bd6c-c7121f882ad8,6e7e2002-650b-4276-a3dc-a3c55088d859,608,0,0
9e5408b2-c987-4c4e-9602-fe076d609c31,5be0da05-9400-4be2-a7c4-424f68c6dee4,b63d347c-6b83-4d04-bd6c-c7121f882ad8,89e347a3-d0d5-4223-b924-c86023f81dd9,485,0,0
1b319cd0-ef55-45d8-b088-19439f4bbbe2,deebacc1-8096-49c3-adbd-e050753ed64d,9803a437-fa88-4116-96d3-a2bfc7562817,ac9afe61-37d8-42f4-b428-78044ac0860c,1008,0,0
46fd9d62-764b-4a68-a288-8bf8a3811885,4ae98cc1-cb3c-4e5f-b6cd-1f83ea5d4c77,9803a437-fa88-4116-96d3-a2bfc7562817,e5b5aa7f-73ef-4594-931f-8508e71f95fb,1576,0,0
32b25a1a-519d-4ae0-bc1e-4a5fb60f3196,38f50c5b-9a42-4af1-b031-32babb5c47b5,9803a437-fa88-4116-96d3-a2bfc7562817,f6f7f236-0719-4a61-9b8f-bd3105675feb,1152,0,0
2310dedc-beff-45ec-a763-1b495cecef95,9661edfb-44f7-44b7-8277-f3cf478fe4ff,9803a437-fa88-4116-96d3-a2bfc7562817,4ae06a44-ca64-481a-8693-455b7c3b39de,3626,0,0
134fd0b1-2018-4eb0-b376-e94c9be4b8aa,5be0da05-9400-4be2-a7c4-424f68c6dee4,9803a437-fa88-4116-96d3-a2bfc7562817,82286954-c64e-458d-9711-47c9fb697cc6,305,0,0
dfc193ae-058a-4722-aaf8-0b649b88debb,e400d1d0-c992-4b6e-b9e4-1978eb1c1d37,9803a437-fa88-4116-96d3-a2bfc7562817,a2d9e18a-dd44-47aa-8be0-e4dd06aa6bd6,983,0,0
cb753dee-8344-4b8e-b87c-08837879212f,6c62826c-5647-4a14-bc5c-84f2cdfde6ae,9803a437-fa88-4116-96d3-a2bfc7562817,6f4b8563-aceb-4e32-8531-74bfb06339db,1689,0,0
d192aa11-95c6-4a45-b514-96485f06ccd2,38f50c5b-9a42-4af1-b031-32babb5c47b5,9803a437-fa88-4116-96d3-a2bfc7562817,e7e839bc-501b-4af7-bb25-d6911e3ace77,861,0,0
2985a4e8-6fb3-4204-a603-42f6fb91cedb,deebacc1-8096-49c3-adbd-e050753ed64d,9803a437-fa88-4116-96d3-a2bfc7562817,9a0cdc33-d64c-4fdc-ab9b-278245403bc1,2188,0,0
808b8e60-c6c6-4b64-9b6e-bf58acfffb7a,52b26c2e-5540-42a1-a8c0-5f96b1a7df56,9803a437-fa88-4116-96d3-a2bfc7562817,c17830a0-a63c-4b6d-939f-359ae77fd135,3536,0,0
33899754-3e14-44ff-8dac-8e56a9091a4a,3148a08c-9795-4ef7-b51a-d8a942e504f9,bc80d818-aa1f-4582-a1b9-e204cb5c6783,6342bfb9-2713-4cc9-a4de-32134944f301,713,0,0
69a3d3be-5e4a-46ec-b535-fcf162b772e5,a4b70abc-ae12-45f7-8dc3-49390eeb354e,bc80d818-aa1f-4582-a1b9-e204cb5c6783,02880cdf-6d8e-4c5c-a210-62272efa43c2,2251,0,0
5c410989-d4c5-4009-bd2e-e9f9e4727111,b007baa1-37d0-435d-88a2-b603e821f4e1,bc80d818-aa1f-4582-a1b9-e204cb5c6783,b4492455-0c3d-4197-841f-2aede9378c96,502,0,0
be0bff29-1f8d-4eef-bd39-ad11d8c89b5a,5e3c8af4-67c2-4470-912a-ecb7bb53f406,bc80d818-aa1f-4582-a1b9-e204cb5c6783,bbe6928b-0c09-4c83-9cc4-e7e9c92a9a4d,514,0,0
58d09cef-15ea-415d-b4e9-19893379a81e,b007baa1-37d0-435d-88a2-b603e821f4e1,bc80d818-aa1f-4582-a1b9-e204cb5c6783,23841345-f25d-462d-aa13-eb6e6950ca1b,2660,0,0
a60199b6-3914-4203-be47-f70a3976a5b6,5be0da05-9400-4be2-a7c4-424f68c6dee4,bc80d818-aa1f-4582-a1b9-e204cb5c6783,8f469d6d-67aa-4187-9ad4-4094192755b3,2583,0,0
4628a6b0-9dbf-47f8-bb2b-57e79f03d6e8,4412a3ea-7898-42e2-8fb3-7afd57d7d349,bc80d818-aa1f-4582-a1b9-e204cb5c6783,02577004-4af2-4fd1-a65b-c0b6bb44833e,942,0,0
c14fbb8a-b401-40ec-b7ad-0ec53212fdf9,65300365-fddf-4f82-9622-06ddc4c773d5,bc80d818-aa1f-4582-a1b9-e204cb5c6783,13fef98f-9dff-4b69-93da-b2541335e599,1896,0,0
a5379c20-19e0-4748-b7bd-99b7d361e759,38f50c5b-9a42-4af1-b031-32babb5c47b5,bc80d818-aa1f-4582-a1b9-e204cb5c6783,de76a84e-dbe9-4cb5-b545-021ea57a28eb,2836,0,0
cd92909d-4382-48c3-aa3a-803acf72aaa5,4bd7ab0d-7a82-4e3f-a689-9d5bb57f24af,bc80d818-aa1f-4582-a1b9-e204cb5c6783,b0538868-9196-4664-8473-a53208811e13,2008,0,0
5405d7c1-ae7c-47da-88ab-89e5489502a2,ba01ba31-4727-4fae-ad1e-216f0c07e61c,6a712ccd-a3a0-4092-8093-e0519a4b9c05,9fd8c809-80ae-42fa-acc2-6c4ebec75075,577,0,0
2fb775b9-bada-402e-92ee-1a88ff7ebcf7,a4b70abc-ae12-45f7-8dc3-49390eeb354e,6a712ccd-a3a0-4092-8093-e0519a4b9c05,0de0b470-a72c-4cb3-9ddc-87b8d40cd070,751,0,0
d94d049d-9a21-4161-be39-c4e84319942e,1dd19dd7-312d-48db-9235-3d33d6952c2e,6a712ccd-a3a0-4092-8093-e0519a4b9c05,3c897126-fbe6-4ca0-a348-c59585861762,969,0,0
17e9bb4c-386c-4697-b0cb-b755c77014c6,4412a3ea-7898-42e2-8fb3-7afd57d7d349,6a712ccd-a3a0-4092-8093-e0519a4b9c05,b1711ef8-9f7d-4bdf-8ac1-cd933852bba1,1261,0,0
739836e4-af87-463a-948f-9f8407fd3386,3148a08c-9795-4ef7-b51a-d8a942e504f9,6a712ccd-a3a0-4092-8093-e0519a4b9c05,a7a8f06b-730b-4fe1-b725-16c846feb650,255,0,0
15d1893e-12d3-4d68-87f7-c571f988c08c,6c62826c-5647-4a14-bc5c-84f2cdfde6ae,6a712ccd-a3a0-4092-8093-e0519a4b9c05,4fdfe20e-20a7-4ffb-9ea4-349436ffb9b2,2342,0,0
9beb56ba-5af0-4f26-a82c-c7e4f84c8773,8424e662-7291-4919-8616-aacf78358fd3,6a712ccd-a3a0-4092-8093-e0519a4b9c05,eca957fd-b379-475c-91cc-629f1ad0a67a,682,0,0
2db9b822-f215-4345-b19a-376e0e057006,dfa22e57-5b54-457b-80ec-8692ae3d76fb,6a712ccd-a3a0-4092-8093-e0519a4b9c05,3d7922ae-1f3e-4ea2-ad54-b5c5da923e23,1123,0,0
feaeb7ab-ee5b-4816-bee6-0823c4a64bc6,6c62826c-5647-4a14-bc5c-84f2cdfde6ae,6a712ccd-a3a0-4092-8093-e0519a4b9c05,5963a874-6afa-486b-b9a3-fb0b014c8799,2666,0,0
49d43f89-236c-4e6a-8fbd-bf9d5356e859,ba01ba31-4727-4fae-ad1e-216f0c07e61c,6a712ccd-a3a0-4092-8093-e0519a4b9c05,79843139-cb6b-4cf7-8abf-ab7f822570de,337,0,0
2b4580d0-8592-4caf-a4dc-b9ee43806f1a,1dd19dd7-312d-48db-9235-3d33d6952c2e,9a53231e-0e18-4d29-bdca-292c99ec84ba,76d20fd7-f6c5-4b32-8a93-4de44e21bc3a,617,0,0
b54b1614-bf86-46ee-b437-56331e1b0955,3148a08c-9795-4ef7-b51a-d8a942e504f9,9a53231e-0e18-4d29-bdca-292c99ec84ba,01ad98e6-8a41-4e16-981b-0760d2eb15d5,1641,0,0
c49698b2-26ab-4108-b974-ee2223206f10,38f50c5b-9a42-4af1-b031-32babb5c47b5,9a53231e-0e18-4d29-bdca-292c99ec84ba,b7322a81-01e8-4bc7-8b64-f037f3a64ff4,3153,0,0
9b0e8de5-a689-477a-bb10-2d6da8d2457b,3ee58fbc-dd4d-4664-94e2-2e2e1d7f2de1,9a53231e-0e18-4d29-bdca-292c99ec84ba,9d0b1bb4-99fa-48d7-86a7-09ecbca68b64,1629,0,0
f8e6375e-b956-4737-b876-532485ab85ee,8424e662-7291-4919-8616-aacf78358fd3,9a53231e-0e18-4d29-bdca-292c99ec84ba,0325bc44-ec76-4d74-ab36-3cf5551d005a,182,0,0
7ab3cc78-d607-4bb6-88a5-b74f8b647775,9661edfb-44f7-44b7-8277-f3cf478fe4ff,9a53231e-0e18-4d29-bdca-292c99ec84ba,b96addab-5486-489a-a1a5-8c4ffd68aa8d,510,0,0
00f0dbdd-5f28-45a6-9585-b42a90023bb7,f4957732-1c15-480e-a95c-168c44e645f3,9a53231e-0e18-4d29-bdca-292c99ec84ba,84a835c0-f2d0-4e07-a762-18d54f2062c3,787,0,0
f8833906-1238-47d7-8c44-2b581c7936ce,38f50c5b-9a42-4af1-b031-32babb5c47b5,9a53231e-0e18-4d29-bdca-292c99ec84ba,94cb0c7f-7287-401f-87da-c096ec0b0d34,1292,0,0
23e8920d-3ac2-4944-8942-a57f00366d2a,38f50c5b-9a42-4af1-b031-32babb5c47b5,9a53231e-0e18-4d29-bdca-292c99ec84ba,0fb75dcf-e8ac-49d8-8504-0e58b79d799e,3365,0,0
7308dd5d-deb2-45cd-9616-7c1a71580791,c7a9dd13-87f4-463c-b2b9-621c5b778c49,9a53231e-0e18-4d29-bdca-292c99ec84ba,67c16de0-8215-4dad-951d-d0fb1fb01e1d,355,0,0
c3d75b9e-0fca-4b0e-ab54-92b8adee599b,65300365-fddf-4f82-9622-06ddc4c773d5,0039f91e-39c5-486b-a312-c8b9c9dc9586,7f35c6e9-b9b9-44a3-b6ec-5c0a4c03a2b4,1261,0,0
b974bff7-ffd7-4dfa-a0bc-b68b653cc1a3,1a119cae-1a63-436a-b4b4-7221f0e23bb8,0039f91e-39c5-486b-a312-c8b9c9dc9586,81944926-e0e5-4d6d-881d-83f38a68d938,1227,0,0
9bf072e1-4699-45d9-9a6e-2b0bda9dd67f,24fe0dbe-455f-431e-9ccb-31c13ea1ee3e,0039f91e-39c5-486b-a312-c8b9c9dc9586,65338b8f-ddf9-485f-91aa-3891b7d26223,553,0,0
a155840f-f76b-4d87-ab42-663e56af5390,a4b70abc-ae12-45f7-8dc3-49390eeb354e,0039f91e-39c5-486b-a312-c8b9c9dc9586,af078302-de8c-4775-b765-2d9f89276fcc,1568,0,0
91117769-6230-4450-8034-297287416806,6c62826c-5647-4a14-bc5c-84f2cdfde6ae,0039f91e-39c5-486b-a312-c8b9c9dc9586,a8e2dd59-4d8b-4539-a7b9-5f18f7f81a5c,1709,0,0
5698bc14-bcb4-4367-a1b0-ea9ad4d7d229,38f50c5b-9a42-4af1-b031-32babb5c47b5,0039f91e-39c5-486b-a312-c8b9c9dc9586,0ea4220c-e58e-419c-8ac5-0b7f6e595428,2448,0,0
6737ebf6-a4cc-4988-a71c-bbecdfdab406,3148a08c-9795-4ef7-b51a-d8a942e504f9,0039f91e-39c5-486b-a312-c8b9c9dc9586,8875939f-758e-4111-824d-8ba1d151915f,1059,0,0
b4a81927-89ab-412c-84ef-130a23b84522,9661edfb-44f7-44b7-8277-f3cf478fe4ff,0039f91e-39c5-486b-a312-c8b9c9dc9586,a88de704-dcb0-48a9-9a37-5f8b80306dcb,901,0,0
8366ef87-1b26-462e-881f-b517a6a116bf,8c9dd271-7fe2-4838-95b7-ecf6fb2d9d2c,0039f91e-39c5-486b-a312-c8b9c9dc9586,df634170-7d97-45e5-a88e-4cf609287bb2,662,0,0
7612f3fc-7d97-480a-a8cd-2c2de35083f4,dfa22e57-5b54-457b-80ec-8692ae3d76fb,0039f91e-39c5-486b-a312-c8b9c9dc9586,f8fcbde3-135f-4f16-a182-1aeb1248bf76,681,0,0
8f337af9-d783-4bcd-8b14-85b95923d8a1,5be0da05-9400-4be2-a7c4-424f68c6dee4,705ab241-d938-4ded-8eb5-490d149e246d,cda5a040-1cd9-4b72-91e0-30677a6e4513,3023,0,0
3d298f26-c1e4-4e79-aaca-493de19f42e7,ba01ba31-4727-4fae-ad1e-216f0c07e61c,705ab241-d938-4ded-8eb5-490d149e246d,fb2c33f8-b3fd-4d1e-a4a6-0a295b58c5b8,1425,0,0
90406708-540c-4cde-bccf-3a91aabd08cf,c7a9dd13-87f4-463c-b2b9-621c5b778c49,705ab241-d938-4ded-8eb5-490d149e246d,5c848db8-6e76-4c73-8cbe-fd11b2ce67c2,583,0,0
902d6d0a-38dd-4ac1-a27c-adccad072d25,4efa322e-b7da-46a3-8997-0c5785d3443a,705ab241-d938-4ded-8eb5-490d149e246d,a265160d-f0a2-4beb-bae1-452e4f54f351,1293,0,0
b0a30bef-71a0-4008-a642-b8a5e91db7bf,5e3c8af4-67c2-4470-912a-ecb7bb53f406,705ab241-d938-4ded-8eb5-490d149e246d,947a8022-8990-47bc-88eb-49f11a973803,1506,0,0
d6200bec-b3e7-4889-ab13-e3cb668745f7,4bd7ab0d-7a82-4e3f-a689-9d5bb57f24af,705ab241-d938-4ded-8eb5-490d149e246d,38ea838b-9ec2-44c9-b7d8-1ac4ed0aef97,691,0,0
c4afa1d1-7030-4805-a7d2-00a98b7691c3,ba01ba31-4727-4fae-ad1e-216f0c07e61c,705ab241-d938-4ded-8eb5-490d149e246d,e487d03b-5300-4ea0-a6b6-7acaefd3adb8,1640,0,0
0102bb51-b7cd-4d1e-8b2c-b36e4d459276,6c62826c-5647-4a14-bc5c-84f2cdfde6ae,705ab241-d938-4ded-8eb5-490d149e246d,b45aeb7e-ecb7-49ad-8ebd-e1a3c59a297d,1343,0,0
5da8052b-82bb-41e6-ba57-22351551b223,f4957732-1c15-480e-a95c-168c44e645f3,705ab241-d938-4ded-8eb5-490d149e246d,d27cbe15-2b05-4c1b-83f1-ddf173db59a7,1860,0,0
d94b8865-25c1-4b4f-9b63-9bbf06666b5c,4bd7ab0d-7a82-4e3f-a689-9d5bb57f24af,705ab241-d938-4ded-8eb5-490d149e246d,2d7894ba-5f9d-4168-ad22-03d27d99d46a,1043,0,0
d6db1dae-25d5-4a4b-ada9-f70bfb4bf633,3148a08c-9795-4ef7-b51a-d8a942e504f9,39ae9f0f-2ef6-46b0-a854-c066edf9f984,977d46a8-a4a8-4297-a327-e41821770f7f,1854,0,0
499de8a5-e842-405e-80d9-ffb935855a2b,0395b295-1937-4d01-9a55-8c1628ca811e,39ae9f0f-2ef6-46b0-a854-c066edf9f984,b508267a-2d28-48be-87d4-363ebb3a9dd2,3287,0,0
c9a6d6c9-a025-4e6e-891f-a9d0f59fcfa6,ba01ba31-4727-4fae-ad1e-216f0c07e61c,39ae9f0f-2ef6-46b0-a854-c066edf9f984,a5ffdb9f-9fbf-44cb-8f91-e62dcef727eb,2538,0,0
0bad219c-4a5d-4df4-bb8b-5c40cbbcd542,f4957732-1c15-480e-a95c-168c44e645f3,39ae9f0f-2ef6-46b0-a854-c066edf9f984,af5e2188-4e32-4596-8956-a3ad4662f127,2212,0,0
579d1ae1-ce9e-42fc-8bcb-187e27d17b71,d9232cfb-c4f1-4e59-8121-2970b4908912,39ae9f0f-2ef6-46b0-a854-c066edf9f984,8433ff08-e425-4c5a-9e38-bd662ba9273d,830,0,0
4f04f410-19e1-4aac-965e-15790ff4e4a6,deebacc1-8096-49c3-adbd-e050753ed64d,39ae9f0f-2ef6-46b0-a854-c066edf9f984,8f839b95-aa96-45a7-b77b-01cfbd5a9da4,2539,0,0
d3101751-bdde-4576-9f68-a7275e04c870,65300365-fddf-4f82-9622-06ddc4c773d5,39ae9f0f-2ef6-46b0-a854-c066edf9f984,51d155b5-6708-44f0-9173-8214995c2526,1174,0,0
145441ed-5ee5-40a2-8f71-f41252828948,dfa22e57-5b54-457b-80ec-8692ae3d76fb,39ae9f0f-2ef6-46b0-a854-c066edf9f984,a5dfcfb2-cb0e-4a0c-8d58-d74b77c5c2b2,565,0,0
b7166e00-1748-4d8d-b854-3d73b581a007,c7a9dd13-87f4-463c-b2b9-621c5b778c49,39ae9f0f-2ef6-46b0-a854-c066edf9f984,48298c0d-64d3-448c-bdb2-9cfb774aa0f7,1026,0,0
22b966ab-4389-4633-a8ef-61c04e9f77b0,1dd19dd7-312d-48db-9235-3d33d6952c2e,39ae9f0f-2ef6-46b0-a854-c066edf9f984,1fccd552-a92d-4adf-acc1-257bb59e4f3a,438,0,0
fc356a4d-9814-4f58-b829-b140031c0c03,deebacc1-8096-49c3-adbd-e050753ed64d,fa5ffa93-f596-4eda-89a1-683228d89e75,8863703a-5d5c-4412-90bd-fc7439003675,387,0,0
6a350486-f0c4-4c56-9779-94bc2033bea1,daceb465-bb39-4f15-8e6d-00a26b0b331e,fa5ffa93-f596-4eda-89a1-683228d89e75,c0bd99b1-03b7-48c9-95b2-1ee11cdbda35,2314,0,0
8a429d03-b1f7-4472-88e3-1af2a6827725,52b26c2e-5540-42a1-a8c0-5f96b1a7df56,fa5ffa93-f596-4eda-89a1-683228d89e75,b064993b-fca5-4066-a912-863ccbd05d8b,736,0,0
c13b935e-b884-45cd-b25a-ab6f01f113b9,dfa22e57-5b54-457b-80ec-8692ae3d76fb,fa5ffa93-f596-4eda-89a1-683228d89e75,c86877ed-f7bd-4884-801d-7f465afb0777,1366,0,0
9adaf202-1318-4079-8ff6-7dc6abb00dab,ba01ba31-4727-4fae-ad1e-216f0c07e61c,fa5ffa93-f596-4eda-89a1-683228d89e75,3b603ebe-74af-4852-ba89-414db93a67f6,1100,0,0
cf4626f7-a2b5-45ee-bd08-751574b4d11e,3148a08c-9795-4ef7-b51a-d8a942e504f9,fa5ffa93-f596-4eda-89a1-683228d89e75,0e9b42ca-1530-4ca6-ae8a-06dd00400c26,1045,0,0
ccf7b283-9c0c-4b8d-9e04-6b2727609e9c,9661edfb-44f7-44b7-8277-f3cf478fe4ff,fa5ffa93-f596-4eda-89a1-683228d89e75,9c549778-f90d-4c52-82ef-7866b038c9bf,3511,0,0
c2544b8c-b487-4d4d-8872-a2f78205d629,ba01ba31-4727-4fae-ad1e-216f0c07e61c,fa5ffa93-f596-4eda-89a1-683228d89e75,7854a0ba-2fd1-463e-8f03-0be2739d9284,693,0,0
72547b14-6188-48f0-b9e2-9eeb4a9b7478,e400d1d0-c992-4b6e-b9e4-1978eb1c1d37,fa5ffa93-f596-4eda-89a1-683228d89e75,f1827acf-f150-49c7-83bb-aa13fac13ef3,467,0,0
746fed2f-21f7-4015-95ec-3c5d4c8ca68d,52b26c2e-5540-42a1-a8c0-5f96b1a7df56,fa5ffa93-f596-4eda-89a1-683228d89e75,26e998cb-3d24-4eb2-9fc1-9a2262d3c077,3229,0,0
34833adf-c895-4f3c-8270-3c08686869ef,f4957732-1c15-480e-a95c-168c44e645f3,01784c47-9315-4127-9c05-27a071585e68,db445ad6-2d84-4823-b2f7-d37a73b4bd5b,2690,0,0
ae952a70-e35c-4845-822b-1e6ae5a36525,5e3c8af4-67c2-4470-912a-ecb7bb53f406,01784c47-9315-4127-9c05-27a071585e68,a68095ef-720b-488b-bb40-442f058e131b,1206,0,0
277370bf-b8eb-4acf-a167-0da2e2c74fb5,daceb465-bb39-4f15-8e6d-00a26b0b331e,01784c47-9315-4127-9c05-27a071585e68,de9a3575-1f93-445e-8e3f-66d59c52bce5,2542,0,0
a9012051-c000-4579-b6d3-d11f7c8c7480,38f50c5b-9a42-4af1-b031-32babb5c47b5,01784c47-9315-4127-9c05-27a071585e68,66147f5a-58d0-4280-93cf-1747efc71ebf,1053,0,0
d173a73f-2005-46ad-b8ae-11ae00311c85,9661edfb-44f7-44b7-8277-f3cf478fe4ff,01784c47-9315-4127-9c05-27a071585e68,f859fd98-5d0e-4b96-b2ec-1cf79ed52974,1649,0,0
8c4d6061-7f09-4454-a398-03bace46adaf,1dd19dd7-312d-48db-9235-3d33d6952c2e,01784c47-9315-4127-9c05-27a071585e68,6bb2b478-d027-4564-b89b-737249bb4db3,1345,0,0
12e0f4a6-306a-4eaa-b35f-c696b0f89c10,4efa322e-b7da-46a3-8997-0c5785d3443a,01784c47-9315-4127-9c05-27a071585e68,951defe5-54ea-4c17-9617-a497bfec5fba,220,0,0
0af9b3e8-07ac-4701-b021-fb1634c3d623,f4957732-1c15-480e-a95c-168c44e645f3,01784c47-9315-4127-9c05-27a071585e68,ae2d92fb-410d-4364-a27f-72e2bb52d070,545,0,0
42dfc7c0-a16e-49e5-962f-35d36e7232f7,5be0da05-9400-4be2-a7c4-424f68c6dee4,01784c47-9315-4127-9c05-27a071585e68,05fcc7c3-5d5c-4a63-a6aa-0f8e0a3dbec4,530,0,0
c01c7b38-5a4e-49f0-9bba-f06eac4f6346,0395b295-1937-4d01-9a55-8c1628ca811e,01784c47-9315-4127-9c05-27a071585e68,1518d0b0-e6ef-499b-a4e1-d54d8d958ebb,219,0,0
3a3976a3-6a47-4d0c-a04f-8d4bef709283,4efa322e-b7da-46a3-8997-0c5785d3443a,66d7d7ef-9422-43f8-847b-fb99071897d8,f30f82aa-a28e-4349-9c72-6bc438eea192,1022,0,0
ee3a29b8-f95a-46d9-aa96-748ea87ff603,6c62826c-5647-4a14-bc5c-84f2cdfde6ae,66d7d7ef-9422-43f8-847b-fb99071897d8,d1774a09-61d3-4db6-82a2-7bf4848280c6,1450,0,0
2777af80-15e2-4081-9bc7-483abee0f6c7,b007baa1-37d0-435d-88a2-b603e821f4e1,66d7d7ef-9422-43f8-847b-fb99071897d8,b584c630-367b-4d40-b559-fb1d0ff49669,1084,0,0
a288688b-8cc6-49d6-a94a-4ddb96c5bc4b,e400d1d0-c992-4b6e-b9e4-1978eb1c1d37,66d7d7ef-9422-43f8-847b-fb99071897d8,6a701ae9-1617-4498-aae1-0948689ffcf7,2695,0,0
fe05792a-8115-4ba8-994f-29e6a2522dc7,d9232cfb-c4f1-4e59-8121-2970b4908912,66d7d7ef-9422-43f8-847b-fb99071897d8,b6968b00-92bc-424b-b41e-fced718b28ef,2722,0,0
850f014f-680b-4c5f-9f74-9345321f292c,5be0da05-9400-4be2-a7c4-424f68c6dee4,66d7d7ef-9422-43f8-847b-fb99071897d8,58e978e5-53bc-47ca-8bff-d18bb7d9c538,1757,0,0
7d4b7f59-523a-43cb-8b4e-746e02c546c3,e400d1d0-c992-4b6e-b9e4-1978eb1c1d37,66d7d7ef-9422-43f8-847b-fb99071897d8,7f928a17-4811-423e-b47c-bcd9c6dd49f2,1368,0,0
35044b00-3e24-453c-ae50-08d0535203d8,3148a08c-9795-4ef7-b51a-d8a942e504f9,66d7d7ef-9422-43f8-847b-fb99071897d8,68b29229-9127-4652-995a-5f763a542237,1863,0,0
58fb2416-d432-48bc-bad1-7855b2561a7b,f4957732-1c15-480e-a95c-168c44e645f3,66d7d7ef-9422-43f8-847b-fb99071897d8,34e58481-5b1e-4c0a-9516-f69b654b387a,1510,0,0
7ff0528e-cfa6-44c9-9a14-b6d81c3bef73,8424e662-7291-4919-8616-aacf78358fd3,66d7d7ef-9422-43f8-847b-fb99071897d8,4e7cf8fa-49a2-40b8-ae62-72cdde449690,2431,0,0
6575d967-8eb3-4615-a1bb-64669f9b53c9,9661edfb-44f7-44b7-8277-f3cf478fe4ff,f1813e98-4204-47e6-b9ba-d3aa93a3b684,0a9078a2-aad4-449a-b462-cea49f053b37,457,0,0
50aad184-55ba-4e8d-90c8-4715f5c760cd,24fe0dbe-455f-431e-9ccb-31c13ea1ee3e,f1813e98-4204-47e6-b9ba-d3aa93a3b684,ea84c186-b469-4884-a2ec-e303bc7b46c3,1449,0,0
f88be57b-6b57-482a-93d8-4c605e2bc2d8,8424e662-7291-4919-8616-aacf78358fd3,f1813e98-4204-47e6-b9ba-d3aa93a3b684,71512145-5223-4c40-9ffb-2db44563d2b4,2457,0,0
7c3fc506-ee67-45d9-a0e2-a3aa31aa786d,daceb465-bb39-4f15-8e6d-00a26b0b331e,f1813e98-4204-47e6-b9ba-d3aa93a3b684,672a3f42-9475-434c-a7af-7155dac4ba62,2882,0,0
3afdf78f-1b02-4df5-8441-65467081c17a,e400d1d0-c992-4b6e-b9e4-1978eb1c1d37,f1813e98-4204-47e6-b9ba-d3aa93a3b684,a2cbc508-2bbb-44d1-9bf3-3a5316f7860f,1722,0,0
3005ce3c-5186-4ce1-9b39-264df510c2b3,deebacc1-8096-49c3-adbd-e050753ed64d,f1813e98-4204-47e6-b9ba-d3aa93a3b684,d489020f-6313-4e3e-b0b4-9aa08fce84b5,342,0,0
f1b825b0-7193-4e0b-8c05-f1e431a4dfbe,65300365-fddf-4f82-9622-06ddc4c773d5,f1813e98-4204-47e6-b9ba-d3aa93a3b684,7e00315d-a2e3-41d6-8e25-9ad820b263f5,743,0,0
25b9ede3-10aa-4cfa-9823-f59e223d423c,52b26c2e-5540-42a1-a8c0-5f96b1a7df56,f1813e98-4204-47e6-b9ba-d3aa93a3b684,5bd79e6e-c315-4abf-84e9-b4ac2d8ebcc9,1844,0,0
ce2115b8-ec20-48a7-b7ce-e62752a7b514,e400d1d0-c992-4b6e-b9e4-1978eb1c1d37,f1813e98-4204-47e6-b9ba-d3aa93a3b684,213dc087-ca86-4444-8359-a1985d14c56f,742,0,0
5e48faee-be11-40c9-a6be-9f701ece7ca9,4efa322e-b7da-46a3-8997-0c5785d3443a,f1813e98-4204-47e6-b9ba-d3aa93a3b684,32ba38d8-e2c6-49f5-95ec-b7b4a320101a,2588,0,0
e8154a62-a945-4a9c-8356-38bdb7a21b9b,1dd19dd7-312d-48db-9235-3d33d6952c2e,01cd046f-95fc-4dea-9678-599982917387,fb6b42a8-9022-4d4d-83ac-1b173a9eab66,1539,0,0
ba726f06-78a6-4246-891a-f8c107fc08e7,e400d1d0-c992-4b6e-b9e4-1978eb1c1d37,01cd046f-95fc-4dea-9678-599982917387,83e959f9-51d9-4bea-b444-dfca4f248666,2151,0,0
4585529e-b17d-4dd0-9af4-062654df6f82,6c62826c-5647-4a14-bc5c-84f2cdfde6ae,01cd046f-95fc-4dea-9678-599982917387,74d07b4c-d7b3-4fdb-a0f3-e6ee86a7148f,1715,0,0
83e6be7f-849e-492b-895e-f9b12f8187e2,52b26c2e-5540-42a1-a8c0-5f96b1a7df56,01cd046f-95fc-4dea-9678-599982917387,95559078-349c-4186-bcea-dfab68003f01,422,0,0
8c558600-a6c1-4253-9879-bc14c31f8f7f,f4957732-1c15-480e-a95c-168c44e645f3,01cd046f-95fc-4dea-9678-599982917387,c369423c-4c1a-47b9-b9a9-2314fe339c80,1115,0,0
e6f4ce44-0cec-42fb-969f-03666b3155b9,38f50c5b-9a42-4af1-b031-32babb5c47b5,01cd046f-95fc-4dea-9678-599982917387,164ce39f-5491-4ca8-bd71-dc0b26f289c3,710,0,0
53b11386-a7b8-493b-8825-63bd548bae4f,5be0da05-9400-4be2-a7c4-424f68c6dee4,01cd046f-95fc-4dea-9678-599982917387,b4842ab4-b8c8-4f28-bbe5-408a16f20a02,2270,0,0
6388c8bb-a721-4760-b7e5-0e4f1a2c8b18,38f50c5b-9a42-4af1-b031-32babb5c47b5,01cd046f-95fc-4dea-9678-599982917387,5d7959ae-9115-46d6-a4d4-db45f4acd306,336,0,0
ce98a726-d345-4a3a-a3cd-784be0598e64,3148a08c-9795-4ef7-b51a-d8a942e504f9,01cd046f-95fc-4dea-9678-599982917387,cb94c73a-4cd2-4bc0-9355-1c1ce831f370,467,0,0
b23eb825-9380-4aa2-9380-d1d3695aa2ef,52b26c2e-5540-42a1-a8c0-5f96b1a7df56,01cd046f-95fc-4dea-9678-599982917387,7b29e566-0eea-4139-bdf8-d3bd4500bb3a,725,0,0
da2b61e7-5ad6-47a6-a2a9-e71487d0eb5b,65300365-fddf-4f82-9622-06ddc4c773d5,3605d6b5-0472-431a-ad3f-f0e4192961cd,d4a4fe62-7046-48ac-9aca-f451f3238659,940,0,0
16297282-d41d-4d0b-9888-9717cb3bbeb9,52b26c2e-5540-42a1-a8c0-5f96b1a7df56,3605d6b5-0472-431a-ad3f-f0e4192961cd,7a38091a-bca6-48af-bdb8-e32a1a9a3e3c,2514,0,0
2647f4cb-146f-4bbe-b548-e88305d3300c,3ee58fbc-dd4d-4664-94e2-2e2e1d7f2de1,3605d6b5-0472-431a-ad3f-f0e4192961cd,672538b7-8871-413c-b084-d868141c2731,1043,0,0
3e033f0c-53d7-4985-912c-0e5d7040ebf8,4efa322e-b7da-46a3-8997-0c5785d3443a,3605d6b5-0472-431a-ad3f-f0e4192961cd,01d7fb5b-8c6e-4dd0-9934-eaafafa68049,2698,0,0
0b8ed79a-5c54-42c7-a758-b54ea26f2fa3,8c9dd271-7fe2-4838-95b7-ecf6fb2d9d2c,3605d6b5-0472-431a-ad3f-f0e4192961cd,1da8ff90-f57e-44c1-b721-788bf84aee39,2190,0,0
116ae3a0-1bbf-4f1a-af83-52f63042489f,4bd7ab0d-7a82-4e3f-a689-9d5bb57f24af,3605d6b5-0472-431a-ad3f-f0e4192961cd,99768a48-8972-4e44-b284-05be848fa970,893,0,0
77d5da92-da3a-4b9f-9f23-3e1a29eb005a,9661edfb-44f7-44b7-8277-f3cf478fe4ff,3605d6b5-0472-431a-ad3f-f0e4192961cd,e3efa2f4-0354-4bc1-a968-1eab63bebd63,714,0,0
cf132ae6-d9bb-4136-b591-25b72c5f851d,dfa22e57-5b54-457b-80ec-8692ae3d76fb,3605d6b5-0472-431a-ad3f-f0e4192961cd,73c1a3a7-4def-49f1-bf77-3d81012f02ef,1767,0,0
556b816f-a2e7-40b1-bf13-e17ea29605e7,1dd19dd7-312d-48db-9235-3d33d6952c2e,3605d6b5-0472-431a-ad3f-f0e4192961cd,3453a781-d7fc-4789-a4d0-b8be93bd99ba,1439,0,0
0252e532-f2b9-46ca-a1cc-62d813b1de43,4bd7ab0d-7a82-4e3f-a689-9d5bb57f24af,3605d6b5-0472-431a-ad3f-f0e4192961cd,3aa788f7-30a8-468c-b751-4c3366a6678e,738,0,0
6690da4e-b795-4eb3-9392-13e4425637c1,6c62826c-5647-4a14-bc5c-84f2cdfde6ae,036236bd-b018-4ef5-a638-51d9eb2cf63b,0591be1c-0af7-48be-a7a3-242dbfe6a353,308,0,0
4ed6d1a6-e931-4785-a613-ee853355025c,d9232cfb-c4f1-4e59-8121-2970b4908912,036236bd-b018-4ef5-a638-51d9eb2cf63b,71b4f1a5-426b-4949-a3a7-f34d93a5ce4b,750,0,0
c17beb1a-972a-452c-b78e-ce9a59daa604,d9232cfb-c4f1-4e59-8121-2970b4908912,036236bd-b018-4ef5-a638-51d9eb2cf63b,f921035c-eb30-4b1d-b842-01a054de3c3a,3366,0,0
784c7b70-db5a-4c1c-ba9e-6db620b0935b,f4957732-1c15-480e-a95c-168c44e645f3,036236bd-b018-4ef5-a638-51d9eb2cf63b,cff05b19-3a64-4614-9923-5198fa9dae64,494,0,0
fcb41b3a-09fc-4020-bb3b-f8a494eb55fa,24fe0dbe-455f-431e-9ccb-31c13ea1ee3e,036236bd-b018-4ef5-a638-51d9eb2cf63b,021f4ec9-fc91-4ff8-aab4-8dc1c82f47e5,664,0,0
8d4a0606-c3bc-404b-bfcc-c9ee945e740b,1a119cae-1a63-436a-b4b4-7221f0e23bb8,036236bd-b018-4ef5-a638-51d9eb2cf63b,cfee00dd-67d4-4f79-816d-923511e8f366,844,0,0
2a6373d3-69a9-4210-8314-d0a48fd4b146,e400d1d0-c992-4b6e-b9e4-1978eb1c1d37,036236bd-b018-4ef5-a638-51d9eb2cf63b,b88f40fb-1757-4505-ae99-4adef9f27c2d,650,0,0
79169887-d3fd-48a4-9b4c-d100738f0435,24fe0dbe-455f-431e-9ccb-31c13ea1ee3e,036236bd-b018-4ef5-a638-51d9eb2cf63b,d434c309-a346-4b3b-ba30-459c8973d2a9,412,0,0
57750489-8c4d-43dd-96f0-3cadc7626cc6,b007baa1-37d0-435d-88a2-b603e821f4e1,036236bd-b018-4ef5-a638-51d9eb2cf63b,50719a64-95be-4133-9078-bf4938fbfe5c,812,0,0
6a5406a2-0ac3-4fe0-bd42-d57d5669c241,65300365-fddf-4f82-9622-06ddc4c773d5,036236bd-b018-4ef5-a638-51d9eb2cf63b,163d918d-4926-4d54-a2a2-20f2f356927c,620,0,0
184393af-8837-4d07-996d-80c1c6c39fa5,a4b70abc-ae12-45f7-8dc3-49390eeb354e,754d3a11-7747-40c8-af49-b24454d8d20a,4d8bc6aa-54d8-4401-b7ee-64033b2c2b4b,1408,0,0
6275bbb9-564b-4525-964d-d3d009743cc9,a4b70abc-ae12-45f7-8dc3-49390eeb354e,754d3a11-7747-40c8-af49-b24454d8d20a,4bda078b-b2da-4555-a294-94937ae8d1c8,850,0,0
e2eb01bb-6ab1-4ca7-b32c-cd9905cd8666,4412a3ea-7898-42e2-8fb3-7afd57d7d349,754d3a11-7747-40c8-af49-b24454d8d20a,48625762-b58c-409d-8575-605983fa880b,3358,0,0
9f088d53-d8ed-40b0-807c-9ed830c0be78,5be0da05-9400-4be2-a7c4-424f68c6dee4,754d3a11-7747-40c8-af49-b24454d8d20a,83db4092-85d7-4ba7-a07a-1e4d6fac0e96,2641,0,0
8217c077-49d0-44c8-a5c3-04d6fea28345,deebacc1-8096-49c3-adbd-e050753ed64d,754d3a11-7747-40c8-af49-b24454d8d20a,03b51c39-7933-49b7-aeb6-af883a98ad16,1500,0,0
5b7e4042-6dce-4189-92d0-783c667b0d5b,c7a9dd13-87f4-463c-b2b9-621c5b778c49,754d3a11-7747-40c8-af49-b24454d8d20a,1b9c3e25-7248-4f0c-b84f-b10527309f3a,841,0,0
20f4efef-e6aa-42a6-bd6a-35ed8d8cfaad,f4957732-1c15-480e-a95c-168c44e645f3,754d3a11-7747-40c8-af49-b24454d8d20a,8b4e4a3c-e506-46a8-ae2d-699c7f1e5c3f,1588,0,0
ea57de8f-e55f-4eb3-8463-381937891182,38f50c5b-9a42-4af1-b031-32babb5c47b5,754d3a11-7747-40c8-af49-b24454d8d20a,10e07b2d-8562-432d-a705-a894fde1db85,1907,0,0
9100aefb-ada3-41dc-bf99-c1c63514ef9c,e400d1d0-c992-4b6e-b9e4-1978eb1c1d37,754d3a11-7747-40c8-af49-b24454d8d20a,8b1a223f-2984-4209-86e2-e9bc0362cdd5,1141,0,0
fc6c900d-ad7f-4a7e-b30b-271b3b9aacf8,4bd7ab0d-7a82-4e3f-a689-9d5bb57f24af,754d3a11-7747-40c8-af49-b24454d8d20a,9703a1c9-a42f-400b-94a8-dec0b693e730,765,0,0
95b4f035-abb2-40d1-b059-eee5be846562,3ee58fbc-dd4d-4664-94e2-2e2e1d7f2de1,2f34b1c3-52bf-4ce9-80d9-682a0debc38b,9dc26a04-2525-456d-9914-e32d65abd1f6,3185,0,0
841437e5-af03-4a18-8601-c0225553bb60,b007baa1-37d0-435d-88a2-b603e821f4e1,2f34b1c3-52bf-4ce9-80d9-682a0debc38b,8b1a8311-a52f-4f74-9693-1d7bbbc81413,2121,0,0
e7e4bce6-47f0-4bd7-8e1c-f835ad4324b1,a4b70abc-ae12-45f7-8dc3-49390eeb354e,2f34b1c3-52bf-4ce9-80d9-682a0debc38b,5a5edb30-ab75-4008-bb65-604b575d92bd,2156,0,0
e3f63e64-1010-422f-80bb-401b55432080,d9232cfb-c4f1-4e59-8121-2970b4908912,2f34b1c3-52bf-4ce9-80d9-682a0debc38b,9ebfa319-65ff-451b-a1aa-9b04e2044993,1304,0,0
6b39061f-2679-4ee2-9d38-c4f8a88b2eda,5e3c8af4-67c2-4470-912a-ecb7bb53f406,2f34b1c3-52bf-4ce9-80d9-682a0debc38b,f423b09c-e410-4787-bb42-8fd4b51a9d1f,1054,0,0
230b76db-828f-4930-9fe1-76b0ad551af2,dfa22e57-5b54-457b-80ec-8692ae3d76fb,2f34b1c3-52bf-4ce9-80d9-682a0debc38b,0388d27e-0acd-4e5f-ad4a-a3066384b4a4,1139,0,0
411cffbd-8a85-411d-b980-d83dbd5396ab,0395b295-1937-4d01-9a55-8c1628ca811e,2f34b1c3-52bf-4ce9-80d9-682a0debc38b,6fa524da-f86e-4bec-85fc-db3d44eef4d3,1244,0,0
8b1e1ceb-e9b4-4f88-98e7-c5d8ad8f0491,38f50c5b-9a42-4af1-b031-32babb5c47b5,2f34b1c3-52bf-4ce9-80d9-682a0debc38b,207ba85f-78a8-48f4-9d1f-6fd15ff825d3,2166,0,0
bb8d936a-bc18-415b-b177-48ad470b9908,3148a08c-9795-4ef7-b51a-d8a942e504f9,2f34b1c3-52bf-4ce9-80d9-682a0debc38b,d23aecd7-22c5-4167-9d61-14bd958552fd,1844,0,0
cbba69fb-10eb-43f3-badc-9c47a990ad67,3ee58fbc-dd4d-4664-94e2-2e2e1d7f2de1,2f34b1c3-52bf-4ce9-80d9-682a0debc38b,e8d40c8b-908f-4c52-b876-2684a99eee11,494,0,0
aba3a7fc-c84a-4132-8a30-b82005eacc03,24fe0dbe-455f-431e-9ccb-31c13ea1ee3e,08e8db94-8cfc-4dc3-869b-bb5af9bb9352,9ff37b44-749e-4b4d-87bd-b216f66bae88,615,0,0
0a115cad-12dd-4bc7-a323-97f627103fed,1a119cae-1a63-436a-b4b4-7221f0e23bb8,08e8db94-8cfc-4dc3-869b-bb5af9bb9352,d4468fc7-d9f5-414f-b04e-2ab9f00458da,411,0,0
33ca416a-0b5a-4313-ad50-90af742c74f0,4bd7ab0d-7a82-4e3f-a689-9d5bb57f24af,08e8db94-8cfc-4dc3-869b-bb5af9bb9352,8207c09d-d6cf-432a-b515-5b3c48a78580,1791,0,0
e1cfd0db-4d6b-4d12-9781-a24d79da91f0,3aa8a907-2778-4339-8b1f-5849cad16428,08e8db94-8cfc-4dc3-869b-bb5af9bb9352,bd176989-49e3-493e-bdcc-d4878450a525,2698,0,0
aeac14c4-2e32-4e02-b652-ff0eb1b0ab74,1dd19dd7-312d-48db-9235-3d33d6952c2e,08e8db94-8cfc-4dc3-869b-bb5af9bb9352,3f07466d-a50c-4095-bac3-f264d2cdcad5,3297,0,0
3cde670c-5072-4b6a-82b7-1e442314cb96,ba01ba31-4727-4fae-ad1e-216f0c07e61c,08e8db94-8cfc-4dc3-869b-bb5af9bb9352,81df58bf-8607-486c-9806-4aaff46ce3e4,1715,0,0
10228724-3e38-4996-92c3-e1643f62a065,8c9dd271-7fe2-4838-95b7-ecf6fb2d9d2c,08e8db94-8cfc-4dc3-869b-bb5af9bb9352,9bfa8dfa-e542-4588-bffb-5afa017f5e34,3618,0,0
711acd1d-5d91-40b7-92a6-c98101e4b49a,daceb465-bb39-4f15-8e6d-00a26b0b331e,08e8db94-8cfc-4dc3-869b-bb5af9bb9352,a1291bea-7c77-4552-ae3f-71eabd631fb3,2049,0,0
c64242bf-4e5d-4ced-9c16-2bf81b1d6c11,e400d1d0-c992-4b6e-b9e4-1978eb1c1d37,08e8db94-8cfc-4dc3-869b-bb5af9bb9352,e5c787f5-6f5d-4f82-ad93-19783cef8010,1215,0,0
ab325562-8b27-436e-8feb-c1fea50a5209,3aa8a907-2778-4339-8b1f-5849cad16428,08e8db94-8cfc-4dc3-869b-bb5af9bb9352,daa77f7f-7d27-4be2-895b-13ab6e542e5e,365,0,0
dd882afb-bc86-45de-9a9d-5a93a5e35400,1dd19dd7-312d-48db-9235-3d33d6952c2e,a34551bd-187b-46a8-bd4d-422c06eff0fa,79523a0f-e9e0-4d52-8ffa-bb280694d608,1741,0,0
2ff5b086-644c-4af6-a9c8-b3ba9c3e2856,52b26c2e-5540-42a1-a8c0-5f96b1a7df56,a34551bd-187b-46a8-bd4d-422c06eff0fa,4c8d376a-6ac7-419a-b9cd-f3b775c7002f,1678,0,0
159363fb-0a30-4b9a-b3f6-e8cb26d69fe5,38f50c5b-9a42-4af1-b031-32babb5c47b5,a34551bd-187b-46a8-bd4d-422c06eff0fa,15bd1ed1-c627-4481-8ae6-f07ed9d47e49,2228,0,0
ffa20c42-64e1-4e0c-a34d-6a90df7e1537,1a119cae-1a63-436a-b4b4-7221f0e23bb8,a34551bd-187b-46a8-bd4d-422c06eff0fa,16b5ecc8-0ff7-4262-b922-d5e0b3efb972,804,0,0
9867eb7b-8cc6-4e0c-8890-f5f870b978b6,d9232cfb-c4f1-4e59-8121-2970b4908912,a34551bd-187b-46a8-bd4d-422c06eff0fa,0b366f40-72d3-46f9-b120-173c19867ffb,3014,0,0
0aa741d4-fd14-40a4-a376-316d85d0a4ba,daceb465-bb39-4f15-8e6d-00a26b0b331e,a34551bd-187b-46a8-bd4d-422c06eff0fa,c22dcbb5-7a4a-4e52-970f-571d35e8f8a8,2222,0,0
1f7cd02a-e78d-4495-bd42-a34014acbcc6,8c9dd271-7fe2-4838-95b7-ecf6fb2d9d2c,a34551bd-187b-46a8-bd4d-422c06eff0fa,48ebd13d-05f0-4535-9cfe-a945e49bd05c,634,0,0
2a871b8c-5389-4e75-a62e-97c5a60753c2,ba01ba31-4727-4fae-ad1e-216f0c07e61c,a34551bd-187b-46a8-bd4d-422c06eff0fa,5e21c096-f4c3-4bbc-9ded-fd80ebcf163d,1345,0,0
5e5d0e74-ae0a-4977-b97e-9ca98e5f797e,24fe0dbe-455f-431e-9ccb-31c13ea1ee3e,a34551bd-187b-46a8-bd4d-422c06eff0fa,27af197c-3948-4009-831c-4e2399908e0b,3448,0,0
edd19ba6-d08e-4553-9b0e-9b16b35f5561,9661edfb-44f7-44b7-8277-f3cf478fe4ff,a34551bd-187b-46a8-bd4d-422c06eff0fa,00846369-6115-42a1-9c1a-63430c6d328d,3797,0,0
5d0c6ed3-d8a3-47fc-9595-e98a0df1974e,3aa8a907-2778-4339-8b1f-5849cad16428,19baefca-38b9-4018-b946-c0fbb67291da,88350d54-faa3-40d1-afab-12ee217a5949,1146,0,0
2e7071e7-17c2-48d2-b8ff-6d1582f15057,24fe0dbe-455f-431e-9ccb-31c13ea1ee3e,19baefca-38b9-4018-b946-c0fbb67291da,c60a4b55-1892-469d-a9ea-c4dc90c200b9,748,0,0
6d4bb296-c03e-4fe0-8582-f0dffdc1cb29,f4957732-1c15-480e-a95c-168c44e645f3,19baefca-38b9-4018-b946-c0fbb67291da,521caee6-64f3-4738-9aa4-247fd42de35f,502,0,0
bb835c5b-a88b-4a1a-859a-399e079455a0,52b26c2e-5540-42a1-a8c0-5f96b1a7df56,19baefca-38b9-4018-b946-c0fbb67291da,d3c072f3-1499-453a-82b0-a6bb955aa432,1579,0,0
a30bcb87-cf57-4934-941f-338c3af6c7de,b007baa1-37d0-435d-88a2-b603e821f4e1,19baefca-38b9-4018-b946-c0fbb67291da,0b009b70-54c5-433e-8f87-bef530c1473c,2379,0,0
6ac80eed-5fda-439c-8943-aea119967a03,d9232cfb-c4f1-4e59-8121-2970b4908912,19baefca-38b9-4018-b946-c0fbb67291da,51868bec-13da-42b0-9475-2f8eb8ff1e6a,1574,0,0
2c75baf1-e231-441a-a6bd-07bdf4d186af,65300365-fddf-4f82-9622-06ddc4c773d5,19baefca-38b9-4018-b946-c0fbb67291da,8735b254-f3aa-4993-94bd-9c597035f8a0,802,0,0
7cf17b19-8179-40e9-8692-480498d7f442,5e3c8af4-67c2-4470-912a-ecb7bb53f406,19baefca-38b9-4018-b946-c0fbb67291da,b0c34201-82ef-4aac-bf11-12aa4092373b,1448,0,0
9ea90d28-7934-4397-a138-e90d01f0a6b4,38f50c5b-9a42-4af1-b031-32babb5c47b5,19baefca-38b9-4018-b946-c0fbb67291da,20ac5aa0-64e6-4c63-81a6-c78f1a75eff4,2802,0,0
1788b84a-eb3f-4c19-bd43-d60501191ce7,38f50c5b-9a42-4af1-b031-32babb5c47b5,19baefca-38b9-4018-b946-c0fbb67291da,de7fa3c4-5925-4d05-9dd6-1484b6092efb,2226,0,0
6a5db955-0045-4cbf-b312-da5c6535d20c,f4957732-1c15-480e-a95c-168c44e645f3,83dde075-4683-4421-9ba9-b7121ee53f2c,589f2dba-1b02-4598-9bf8-7bbe6147755e,2047,0,0
7a8368d4-3153-4a2f-867a-14b00f295504,3ee58fbc-dd4d-4664-94e2-2e2e1d7f2de1,83dde075-4683-4421-9ba9-b7121ee53f2c,407a77ac-425a-4131-8c80-a8816518a48d,465,0,0
3b4319ec-dd66-4c6f-8349-0a3b4c0f9773,24fe0dbe-455f-431e-9ccb-31c13ea1ee3e,83dde075-4683-4421-9ba9-b7121ee53f2c,8fe7b905-215d-4b85-8224-f50ea1afe94d,879,0,0
ee644d7d-e937-45a7-805f-5612f9da5006,3aa8a907-2778-4339-8b1f-5849cad16428,83dde075-4683-4421-9ba9-b7121ee53f2c,6c30d2bf-2ca7-47f6-a784-7934f385d885,1373,0,0
60547092-b8e4-458a-a26d-6a5ab8fc2eef,3148a08c-9795-4ef7-b51a-d8a942e504f9,83dde075-4683-4421-9ba9-b7121ee53f2c,18baa7fa-322a-4f7e-a600-636f7fd05cbf,937,0,0
b1120713-e27a-49d8-855c-8f5901ec04af,4bd7ab0d-7a82-4e3f-a689-9d5bb57f24af,83dde075-4683-4421-9ba9-b7121ee53f2c,49f2d3d9-bd30-4135-a192-5e681ae8eb39,2423,0,0
072ee395-9486-4260-ac08-491a7f6f2911,4ae98cc1-cb3c-4e5f-b6cd-1f83ea5d4c77,83dde075-4683-4421-9ba9-b7121ee53f2c,aaffb594-eb58-4eaf-92da-bdec1f271d80,439,0,0
9135c9dd-d21f-4994-b943-f05d42838370,65300365-fddf-4f82-9622-06ddc4c773d5,83dde075-4683-4421-9ba9-b7121ee53f2c,6496e244-33eb-45c5-bb8e-065013f2a2d4,2170,0,0
3862e084-98d0-4ee5-8edb-0cd2342911e4,6c62826c-5647-4a14-bc5c-84f2cdfde6ae,83dde075-4683-4421-9ba9-b7121ee53f2c,818e91ad-1fbc-46bb-9a25-62df35957632,1571,0,0
1bf82f2b-189f-413f-bf78-f7f5282b5a64,e400d1d0-c992-4b6e-b9e4-1978eb1c1d37,83dde075-4683-4421-9ba9-b7121ee53f2c,c7731942-9c35-4b1d-9c09-39ffdbcdde36,692,0,0
5abdf7a6-cf7e-4247-a8f4-5dbd966cfcef,4ae98cc1-cb3c-4e5f-b6cd-1f83ea5d4c77,f92518fb-fa48-4cf2-94bb-c069ca274908,b0dd2d3e-842d-498d-aee3-097bc5c34437,1982,0,0
d22d938a-32e8-4c0a-bfcb-eefe9e8076a6,4ae98cc1-cb3c-4e5f-b6cd-1f83ea5d4c77,f92518fb-fa48-4cf2-94bb-c069ca274908,0ae1fec6-cc68-4f09-b12d-7e9d3c5329bf,982,0,0
b52bc346-ffff-4e9d-a137-9fd4aeb4c705,4efa322e-b7da-46a3-8997-0c5785d3443a,f92518fb-fa48-4cf2-94bb-c069ca274908,fe4e7459-aa71-4b98-8063-27d26124c96f,1980,0,0
770e74eb-974b-4f05-b614-29fdca2826ec,1a119cae-1a63-436a-b4b4-7221f0e23bb8,f92518fb-fa48-4cf2-94bb-c069ca274908,6be87f9b-f18c-4622-b59a-faa97f5088dd,3821,0,0
ccf477da-5c3c-4815-b44f-36e297c5c140,38f50c5b-9a42-4af1-b031-32babb5c47b5,f92518fb-fa48-4cf2-94bb-c069ca274908,e242a18b-b7c2-4e96-a411-018151de39b3,1512,0,0
98eb6ec8-0e91-4dfe-a395-245dc180028f,4412a3ea-7898-42e2-8fb3-7afd57d7d349,f92518fb-fa48-4cf2-94bb-c069ca274908,28b873d7-f3f4-4220-979d-3f69e9af654d,286,0,0
7abadcd8-d333-4f74-8252-be0437c11675,3148a08c-9795-4ef7-b51a-d8a942e504f9,f92518fb-fa48-4cf2-94bb-c069ca274908,67e70592-5c66-445f-8c30-13bbde8543d2,194,0,0
5a0c2032-6eaa-4248-84bb-4a63eff183aa,4ae98cc1-cb3c-4e5f-b6cd-1f83ea5d4c77,f92518fb-fa48-4cf2-94bb-c069ca274908,0fbc3f35-1ef7-4020-8f16-2f6ea525f429,729,0,0
4928c33d-8203-4221-9a06-de260da3f498,9661edfb-44f7-44b7-8277-f3cf478fe4ff,f92518fb-fa48-4cf2-94bb-c069ca274908,c3ec0bcd-f234-4909-bc0e-6f3498674da5,723,0,0
c7afbeb6-4b49-4b11-aa98-f1116f366b44,d9232cfb-c4f1-4e59-8121-2970b4908912,f92518fb-fa48-4cf2-94bb-c069ca274908,7ddc146b-3004-472a-9be4-e3cf66d4f576,2252,0,0
11759a59-890e-47de-b11b-85d5b9bc4409,1a119cae-1a63-436a-b4b4-7221f0e23bb8,5a109267-5c8d-4c13-a090-ae986b471434,49c4b995-fbb5-4213-a50a-0a233cc85134,486,0,0
a459e48d-78d0-4f1c-903d-2a175e9d23ac,38f50c5b-9a42-4af1-b031-32babb5c47b5,5a109267-5c8d-4c13-a090-ae986b471434,4e0ab9e6-4763-48cf-8e41-9bcad70fad8f,1622,0,0
72e2d38b-cf13-46f0-8352-60c295763331,8c9dd271-7fe2-4838-95b7-ecf6fb2d9d2c,5a109267-5c8d-4c13-a090-ae986b471434,c717137e-5fd5-4e08-8fda-142fcee34d22,1059,0,0
2bdbd642-1ef7-43f7-bf53-269b7082e86d,38f50c5b-9a42-4af1-b031-32babb5c47b5,5a109267-5c8d-4c13-a090-ae986b471434,5a61de43-b590-4422-ae94-ca6deb32cbe4,3437,0,0
9993584b-8a04-4d63-b647-841a1a785195,daceb465-bb39-4f15-8e6d-00a26b0b331e,5a109267-5c8d-4c13-a090-ae986b471434,e4b8e64a-ee8c-410b-863e-9f7e6a035887,843,0,0
213d8f4d-2040-4d26-a87c-c30881238768,e400d1d0-c992-4b6e-b9e4-1978eb1c1d37,5a109267-5c8d-4c13-a090-ae986b471434,c15ba5f6-1f44-4099-b086-bd25b3047b54,638,0,0
bbb9a7cc-dca5-4fb0-b38d-1c91b5cb2568,24fe0dbe-455f-431e-9ccb-31c13ea1ee3e,5a109267-5c8d-4c13-a090-ae986b471434,af044611-30b4-418c-a2da-dcb2fdf01717,3825,0,0
ca666116-a26d-4d34-a5b3-ae8c5e61dd74,ba01ba31-4727-4fae-ad1e-216f0c07e61c,5a109267-5c8d-4c13-a090-ae986b471434,03b307b6-79fd-47ff-a102-06010425cb3b,677,0,0
5aea4f16-460d-4ced-91e5-007b1cf38878,1a119cae-1a63-436a-b4b4-7221f0e23bb8,5a109267-5c8d-4c13-a090-ae986b471434,b4d022b3-af8e-4081-8283-bdba48c92c04,769,0,0
ce135aad-6b8e-45fe-98b7-13330306e37b,5be0da05-9400-4be2-a7c4-424f68c6dee4,5a109267-5c8d-4c13-a090-ae986b471434,36e7ea8e-c053-49b4-a39d-65371410e7b6,3180,0,0
59ee4b49-facb-4a79-8736-42a2adb5d56a,d9232cfb-c4f1-4e59-8121-2970b4908912,3d2fd256-1a0b-403b-924e-136956338fc9,02db0cdd-7ee6-44e1-be73-729e2d453715,300,0,0
1408daa6-fd57-45b0-b13c-df8ffc1d8394,5e3c8af4-67c2-4470-912a-ecb7bb53f406,3d2fd256-1a0b-403b-924e-136956338fc9,c5058d3e-99ff-4b0a-af98-c2fe32d08e43,1613,0,0
1d045200-0bac-48a0-bc20-7ac7f8e7fb31,4ae98cc1-cb3c-4e5f-b6cd-1f83ea5d4c77,3d2fd256-1a0b-403b-924e-136956338fc9,54be16c0-646b-4e98-8fa2-fec0efc23019,1563,0,0
a8f9c6f0-4c23-4d18-bea9-9ac0e36c1dc8,6c62826c-5647-4a14-bc5c-84f2cdfde6ae,3d2fd256-1a0b-403b-924e-136956338fc9,bf33bd04-d66f-4fd2-be46-ceb0f6269e2d,696,0,0
34b32a6b-bbd5-4b3c-ba82-67f84ddf952a,ba01ba31-4727-4fae-ad1e-216f0c07e61c,3d2fd256-1a0b-403b-924e-136956338fc9,ed87b25c-aca4-413f-b73a-157be4ebca26,1653,0,0
6839ed74-778c-40aa-a86c-6bb785623bdb,3148a08c-9795-4ef7-b51a-d8a942e504f9,3d2fd256-1a0b-403b-924e-136956338fc9,210e217e-8342-4f87-b8e8-d26114f916c1,2029,0,0
4a27743e-152d-40b8-87c2-1b354a19be20,a4b70abc-ae12-45f7-8dc3-49390eeb354e,3d2fd256-1a0b-403b-924e-136956338fc9,a030c44f-7dec-4dbd-9535-7762e85c1c43,787,0,0
2ba7ed25-0cc9-4c44-94c4-7405277eedfc,f4957732-1c15-480e-a95c-168c44e645f3,3d2fd256-1a0b-403b-924e-136956338fc9,63d61c53-bf9c-49c1-a449-3fb760777d74,584,0,0
1807067b-1ba6-4758-9191-96c6d03c5b2a,3148a08c-9795-4ef7-b51a-d8a942e504f9,3d2fd256-1a0b-403b-924e-136956338fc9,203eec0b-f1fa-4095-9b07-b95f35b85df2,2226,0,0
5f1c7aba-c40a-4fc1-9eff-68c056dd1670,3aa8a907-2778-4339-8b1f-5849cad16428,3d2fd256-1a0b-403b-924e-136956338fc9,c88daf4f-b573-4e0c-947e-960be0f0a9ce,1664,0,0
edf3aa16-d29a-4c3d-aefb-6f2eba616e51,52b26c2e-5540-42a1-a8c0-5f96b1a7df56,a03b95f0-c856-4224-8adb-482640830177,f95af773-50d8-4aac-bb5e-e1b77f70a631,672,0,0
8ba9784c-56d3-4735-b247-19f34dd640fc,3aa8a907-2778-4339-8b1f-5849cad16428,a03b95f0-c856-4224-8adb-482640830177,852ad25d-7970-4c18-ad89-09e69a32b74b,414,0,0
8550a4f3-c80e-417b-aa02-7a91a6ec0cdd,4bd7ab0d-7a82-4e3f-a689-9d5bb57f24af,a03b95f0-c856-4224-8adb-482640830177,612ea1b2-012f-4ea8-a6a9-4f7e3290be74,2725,0,0
a7dab7ec-cc93-4a7d-9fb8-442f316e684b,3aa8a907-2778-4339-8b1f-5849cad16428,a03b95f0-c856-4224-8adb-482640830177,7de1ac59-5373-4a4c-938d-63d391d29702,1120,0,0
5c82ebaa-a94b-4c89-a1d7-43c4bf619ac4,3148a08c-9795-4ef7-b51a-d8a942e504f9,a03b95f0-c856-4224-8adb-482640830177,e5ff54f7-1b70-496e-88e7-9cadb435e786,859,0,0
ed9ad26a-de64-40df-ba6f-524e99c7b7c9,a4b70abc-ae12-45f7-8dc3-49390eeb354e,a03b95f0-c856-4224-8adb-482640830177,d1e4f449-40ee-4b45-8902-6df6edb48fcc,1794,0,0
5d17d887-3631-4787-9bda-16c703e3de35,c7a9dd13-87f4-463c-b2b9-621c5b778c49,a03b95f0-c856-4224-8adb-482640830177,3a61ccf7-4eb4-49ea-ae59-43c2c3262d2d,561,0,0
e11146f3-7cbc-415a-bc4f-c1f6ad37ee8f,5be0da05-9400-4be2-a7c4-424f68c6dee4,a03b95f0-c856-4224-8adb-482640830177,eb50377f-02e7-47b8-9f55-43d3b0b86bb5,447,0,0
0324a9bf-ad0c-49d0-ae13-a7095f12518a,8424e662-7291-4919-8616-aacf78358fd3,a03b95f0-c856-4224-8adb-482640830177,e9b5f2c4-d505-40ab-9531-bdd06fe3e0c9,1911,0,0
751087e2-285e-41c7-9c89-2dad1d15d108,4ae98cc1-cb3c-4e5f-b6cd-1f83ea5d4c77,a03b95f0-c856-4224-8adb-482640830177,c4ba0714-e39d-4bdc-a98f-9a07fd5fa1c7,623,0,0
a47a3de9-19e9-4b88-ac00-06c29e6363a4,daceb465-bb39-4f15-8e6d-00a26b0b331e,a2d9fd18-ea3e-44be-a0a7-f2014ccca209,3dfd8da8-c37a-42b5-98b0-678284fc2afd,854,0,0
be5c2801-3541-4286-b655-0fedf9f561a0,9661edfb-44f7-44b7-8277-f3cf478fe4ff,a2d9fd18-ea3e-44be-a0a7-f2014ccca209,6dbb82b5-fbd1-457e-b955-d5e18f2c0a44,2012,0,0
7797ba0a-d3de-415d-b178-50c51ea8080a,e400d1d0-c992-4b6e-b9e4-1978eb1c1d37,a2d9fd18-ea3e-44be-a0a7-f2014ccca209,e4819b3b-fd31-472f-8e6d-2d22d019d9fa,669,0,0
91210d06-5174-4127-ab34-a0a4785ae1db,b007baa1-37d0-435d-88a2-b603e821f4e1,a2d9fd18-ea3e-44be-a0a7-f2014ccca209,7cd8f35c-07ba-40a8-8a3c-212d1e61f4ce,2690,0,0
4f4e440d-bb57-430e-a237-30de94c58d8b,8424e662-7291-4919-8616-aacf78358fd3,a2d9fd18-ea3e-44be-a0a7-f2014ccca209,238414f4-3265-4e56-bc3f-6a7bd0a13759,670,0,0
29dd76dd-2d67-44fd-a37d-798931e081ef,3ee58fbc-dd4d-4664-94e2-2e2e1d7f2de1,a2d9fd18-ea3e-44be-a0a7-f2014ccca209,d088a26e-57e2-4c77-8462-5eb9895e20ea,1418,0,0
084da229-a970-4bf3-bbd7-d2e08a14e995,deebacc1-8096-49c3-adbd-e050753ed64d,a2d9fd18-ea3e-44be-a0a7-f2014ccca209,b3659991-e652-4168-b219-377c0415ce0c,308,0,0
bd799882-8412-49f6-955a-472abb508025,a4b70abc-ae12-45f7-8dc3-49390eeb354e,a2d9fd18-ea3e-44be-a0a7-f2014ccca209,ae7edaa5-b77c-4e5c-8a14-f9ade3e6f0ce,620,0,0
f7e1eb0f-1c0c-4f9c-a8ed-7a61ddf562e1,dfa22e57-5b54-457b-80ec-8692ae3d76fb,a2d9fd18-ea3e-44be-a0a7-f2014ccca209,f7ba2d03-913e-4cf2-bd5e-ad6990d330e5,2203,0,0
f25ed740-ff39-423d-9fb3-3058503af838,e400d1d0-c992-4b6e-b9e4-1978eb1c1d37,a2d9fd18-ea3e-44be-a0a7-f2014ccca209,4e63cd2d-7804-4abb-a8c1-8475f967d3d8,339,0,0
6840e617-06af-46dc-8e3c-5e93d495e7ea,deebacc1-8096-49c3-adbd-e050753ed64d,75862a67-6db8-467f-957a-4670d12bd079,3024da97-17f6-4fe4-a55c-c46a02e50c05,1856,0,0
5c34a625-b6d3-4ffd-9b97-ac3b059dc5ca,1dd19dd7-312d-48db-9235-3d33d6952c2e,75862a67-6db8-467f-957a-4670d12bd079,c360fb61-cfdb-48b6-9e39-ce428742f701,2098,0,0
7bc0b8dd-c437-4eab-92d4-df02ed2d89b4,8424e662-7291-4919-8616-aacf78358fd3,75862a67-6db8-467f-957a-4670d12bd079,1e102510-9b37-4767-9595-42797481efde,186,0,0
7282a187-cd1f-4d2d-9373-2fbb982dbc4a,daceb465-bb39-4f15-8e6d-00a26b0b331e,75862a67-6db8-467f-957a-4670d12bd079,5479c254-cf25-4775-bb25-597fc811234e,2258,0,0
7f9463e4-cdde-49e2-be3c-bfdc042d7cd6,daceb465-bb39-4f15-8e6d-00a26b0b331e,75862a67-6db8-467f-957a-4670d12bd079,e0e96f05-9762-49c7-a193-31338f990d63,1959,0,0
c8573a34-7e93-4e14-a7b9-0cd51d027794,daceb465-bb39-4f15-8e6d-00a26b0b331e,75862a67-6db8-467f-957a-4670d12bd079,6dc380de-9898-4170-b014-65f0f1ccd145,3233,0,0
7e2949c4-7ede-4903-ac4c-6eee0276b23b,5e3c8af4-67c2-4470-912a-ecb7bb53f406,75862a67-6db8-467f-957a-4670d12bd079,cedcfc19-632a-4fc8-a1a1-486a9e78579c,727,0,0
8a2f4ea3-8729-4ba6-ab96-c350e0802ab6,c7a9dd13-87f4-463c-b2b9-621c5b778c49,75862a67-6db8-467f-957a-4670d12bd079,75b37d55-d594-464e-9cda-9c1d7e2900d8,1326,0,0
5ef6f4b7-5d68-46b8-a587-a941b1188bda,9661edfb-44f7-44b7-8277-f3cf478fe4ff,75862a67-6db8-467f-957a-4670d12bd079,40684922-1ddb-4496-a287-852ab1ef960a,1163,0,0
684b8e9e-e813-4311-9979-e10ced4da373,ba01ba31-4727-4fae-ad1e-216f0c07e61c,75862a67-6db8-467f-957a-4670d12bd079,fdde398c-0e85-4aea-8d9b-8cb7acee783e,1521,0,0
a03ea54c-a6ea-4e67-9fbb-fb9bef183997,ba01ba31-4727-4fae-ad1e-216f0c07e61c,e22023e9-8202-4383-8ee0-91c81924708e,09be9bd7-ee70-44f3-bcfe-5c5fc6cf2750,653,0,0
a0253b82-1a62-4aec-bec4-d6f04bb21cac,9661edfb-44f7-44b7-8277-f3cf478fe4ff,e22023e9-8202-4383-8ee0-91c81924708e,aacfbc75-6203-4c11-a67c-a48f36bdeda1,687,0,0
409d0a9f-6fc9-4b17-8665-cb0f45c2330f,daceb465-bb39-4f15-8e6d-00a26b0b331e,e22023e9-8202-4383-8ee0-91c81924708e,33ca96aa-8382-41c2-a4b4-50ca7aced2cd,1422,0,0
5332437f-eb88-4bd1-b730-f04053fa3208,8424e662-7291-4919-8616-aacf78358fd3,e22023e9-8202-4383-8ee0-91c81924708e,ef13b431-1182-4966-b571-d8e0eab51b7c,1805,0,0
017c3475-8487-46a3-8eaa-6baeadeb0db2,65300365-fddf-4f82-9622-06ddc4c773d5,e22023e9-8202-4383-8ee0-91c81924708e,a2315fab-0f31-41ff-9d23-db2a5120670c,2234,0,0
f2dd14f3-60df-4855-97cd-3a852801111e,0395b295-1937-4d01-9a55-8c1628ca811e,e22023e9-8202-4383-8ee0-91c81924708e,95721f51-fd3c-47d6-9f06-5c95e850dd2f,750,0,0
3df0e278-355a-42ec-b544-4722307c857b,4ae98cc1-cb3c-4e5f-b6cd-1f83ea5d4c77,e22023e9-8202-4383-8ee0-91c81924708e,227bb028-249d-4ae6-930a-56733fff287e,807,0,0
ae6dacf4-06b1-43ae-8ff5-73d549204c51,65300365-fddf-4f82-9622-06ddc4c773d5,e22023e9-8202-4383-8ee0-91c81924708e,1c85feb2-7b08-481e-b8ba-a72c8044f217,210,0,0
ae910518-a7cf-4d01-879c-1c2f07f4da11,5be0da05-9400-4be2-a7c4-424f68c6dee4,e22023e9-8202-4383-8ee0-91c81924708e,47b19c18-1a94-4024-83ef-776ef007a92b,555,0,0
df33e8c9-0e38-4c40-b633-4fc6900d04b0,deebacc1-8096-49c3-adbd-e050753ed64d,e22023e9-8202-4383-8ee0-91c81924708e,ad1e054c-9211-4348-860b-5e486e5e7684,851,0,0
57b8907f-31f5-4149-92e1-d9101d8d89dd,4bd7ab0d-7a82-4e3f-a689-9d5bb57f24af,1431a613-e636-4c2a-a193-ef0a72950398,08b79f11-d8b1-411c-a2ca-2ec3445b1cc9,363,0,0
0fbb4536-dfc4-4e56-ba08-cbc5578c6883,4412a3ea-7898-42e2-8fb3-7afd57d7d349,1431a613-e636-4c2a-a193-ef0a72950398,21b081f3-5f9d-4cd6-9b69-23c61303e1bf,877,0,0
5f56f875-50ba-40c5-97f5-d7c8c0a0b771,8424e662-7291-4919-8616-aacf78358fd3,1431a613-e636-4c2a-a193-ef0a72950398,5d187545-09b3-4ff1-baaa-e5df973f37b2,277,0,0
95e3f724-8d7c-4ad9-9b32-c75a0583611d,deebacc1-8096-49c3-adbd-e050753ed64d,1431a613-e636-4c2a-a193-ef0a72950398,c5a88e8b-39a2-4798-822d-66411bb9fa3e,1891,0,0
67167675-bb33-4e32-ba68-37c03536a21a,8424e662-7291-4919-8616-aacf78358fd3,1431a613-e636-4c2a-a193-ef0a72950398,f276770b-fef3-4195-bcd8-2ad58e333971,2073,0,0
a296ce1a-bd0d-4640-85fc-bd476d31e874,0395b295-1937-4d01-9a55-8c1628ca811e,1431a613-e636-4c2a-a193-ef0a72950398,0664b327-1544-4c36-8654-7be35212a7f0,2122,0,0
231d27ca-53ed-43c8-bb9b-051e7ea06b1a,5e3c8af4-67c2-4470-912a-ecb7bb53f406,1431a613-e636-4c2a-a193-ef0a72950398,0250f7b6-5be6-4259-9d6e-2ad2adbdb30b,2484,0,0
54be328a-f97e-48ca-aff1-310b317077b1,4efa322e-b7da-46a3-8997-0c5785d3443a,1431a613-e636-4c2a-a193-ef0a72950398,d4e1d668-7820-4e00-8013-2a9853c8a4ac,2375,0,0
aaa0b7ef-0969-4c20-8ec0-4f747e558542,65300365-fddf-4f82-9622-06ddc4c773d5,1431a613-e636-4c2a-a193-ef0a72950398,407915fa-a94b-4c6d-ac30-af054e46f36b,955,0,0
1273fb1b-3d55-48bb-ab68-0f8bff81d073,5be0da05-9400-4be2-a7c4-424f68c6dee4,1431a613-e636-4c2a-a193-ef0a72950398,492aeb40-8373-4e17-bd6a-a70a8079eb86,1309,0,0
32520a3f-c819-40ec-b1d8-346703277efd,0395b295-1937-4d01-9a55-8c1628ca811e,4e35a0b8-9c74-4aa1-a695-38bc52dd1836,aa971fb3-b13e-49a3-b208-12674850b22a,818,0,0
aa4e1ed4-98d3-41a1-8afa-de46d5441b32,52b26c2e-5540-42a1-a8c0-5f96b1a7df56,4e35a0b8-9c74-4aa1-a695-38bc52dd1836,3b2c918e-b128-4406-9889-6dbd2759fa71,2006,0,0
9090bcc0-794f-4581-a012-8871f8a3a0b6,deebacc1-8096-49c3-adbd-e050753ed64d,4e35a0b8-9c74-4aa1-a695-38bc52dd1836,5c5f04f7-4d71-4a07-86f8-3aab6d1235ff,1482,0,0
56bd39fd-f370-47d8-9f32-9892a79bb16d,3ee58fbc-dd4d-4664-94e2-2e2e1d7f2de1,4e35a0b8-9c74-4aa1-a695-38bc52dd1836,c65c202c-c125-4d51-8887-d3aaac7145e2,1376,0,0
04806875-452f-4b70-b136-2f3b00a40731,f4957732-1c15-480e-a95c-168c44e645f3,4e35a0b8-9c74-4aa1-a695-38bc52dd1836,b1aa7fdd-25da-4ab9-aea4-22cbc36fc86a,2755,0,0
43e6c780-d3cc-474d-a6bb-6108c311cc1f,ba01ba31-4727-4fae-ad1e-216f0c07e61c,4e35a0b8-9c74-4aa1-a695-38bc52dd1836,50006d9c-8b37-4105-a9cd-454c18f49dd5,502,0,0
da90c68f-c1b7-4d02-a147-bce1303c974a,52b26c2e-5540-42a1-a8c0-5f96b1a7df56,4e35a0b8-9c74-4aa1-a695-38bc52dd1836,1486ca84-41b1-4d7c-a62e-ca4f7239f9dc,525,0,0
59a8294a-c423-42f7-ab66-da285d478165,5be0da05-9400-4be2-a7c4-424f68c6dee4,4e35a0b8-9c74-4aa1-a695-38bc52dd1836,e579ed5d-fb46-4439-a68d-8fa32adae5e7,3327,0,0
cff62459-c5e6-434d-83e9-abc2bdbab506,f4957732-1c15-480e-a95c-168c44e645f3,4e35a0b8-9c74-4aa1-a695-38bc52dd1836,b35a9465-fdad-46b8-aec3-60007b2e79c0,928,0,0
783b81c2-2021-4143-acc4-74f92631b205,3aa8a907-2778-4339-8b1f-5849cad16428,4e35a0b8-9c74-4aa1-a695-38bc52dd1836,c91322d2-359e-446c-b173-f0cdd204dc2b,1636,0,0
2101668a-8942-49ff-b374-619f1e957fb9,65300365-fddf-4f82-9622-06ddc4c773d5,c4172c0e-f6c5-43eb-b210-ef9094e4161c,e0ae4eca-ddcd-4f1d-9b81-5c669df774d5,1348,0,0
55c9be66-2b5d-4c7c-9d31-5e31f4e78477,5be0da05-9400-4be2-a7c4-424f68c6dee4,c4172c0e-f6c5-43eb-b210-ef9094e4161c,32bebbb7-d8d7-4e76-a814-86a45d68c402,971,0,0
bf5f6ed4-3e18-4db4-b25a-ea729522f69e,b007baa1-37d0-435d-88a2-b603e821f4e1,c4172c0e-f6c5-43eb-b210-ef9094e4161c,162309be-dd7f-4e3d-b2c9-827450e94908,1017,0,0
af385d0a-638b-4216-bb30-b89860d9cf65,ba01ba31-4727-4fae-ad1e-216f0c07e61c,c4172c0e-f6c5-43eb-b210-ef9094e4161c,79cb91cb-b770-4577-b107-36a2e9fc6ac1,1210,0,0
b5171d39-8c0a-4da8-87c6-0dac5a752fd7,1dd19dd7-312d-48db-9235-3d33d6952c2e,c4172c0e-f6c5-43eb-b210-ef9094e4161c,2f95a382-524a-48d7-8626-d6fb5dced224,1378,0,0
92b5fe72-6028-4409-8c93-e118d8d5a556,65300365-fddf-4f82-9622-06ddc4c773d5,c4172c0e-f6c5-43eb-b210-ef9094e4161c,397e8393-069e-4066-b126-a8633c732e27,986,0,0
9d668308-db6c-49c1-95bc-a0f6fe2c8def,5e3c8af4-67c2-4470-912a-ecb7bb53f406,c4172c0e-f6c5-43eb-b210-ef9094e4161c,bbc605a1-b69e-4182-b590-9f87c6181aa6,1022,0,0
2fef8692-090a-4ed0-ad82-7ae1ddd88062,8424e662-7291-4919-8616-aacf78358fd3,c4172c0e-f6c5-43eb-b210-ef9094e4161c,5d4a620c-1295-4955-8b04-91447d4ddcd4,489,0,0
bba2c7c7-d709-49bd-8284-999dd7757b0a,5e3c8af4-67c2-4470-912a-ecb7bb53f406,c4172c0e-f6c5-43eb-b210-ef9094e4161c,91f5e611-ac80-42db-88ee-0b415fa73191,333,0,0
dccd3832-bd3f-48f1-90ef-3459db76e155,d9232cfb-c4f1-4e59-8121-2970b4908912,c4172c0e-f6c5-43eb-b210-ef9094e4161c,2bada9b1-8275-4d1c-8cbb-235f28eb7316,788,0,0
98a3d341-f83e-432a-9f3b-1f1a5f655c89,ba01ba31-4727-4fae-ad1e-216f0c07e61c,3880ed68-64d7-4ea3-b3fe-a06cd7b187ae,9e09b1cf-67d1-4192-90be-2c06d3a94357,242,0,0
79c0015b-5bf1-459c-9f71-0ad5ec834b37,3aa8a907-2778-4339-8b1f-5849cad16428,3880ed68-64d7-4ea3-b3fe-a06cd7b187ae,f7023fd4-c97a-4214-8c4b-27088eaabb0e,536,0,0
fdc53b5f-6f59-4a67-9621-27dc874adfa4,dfa22e57-5b54-457b-80ec-8692ae3d76fb,3880ed68-64d7-4ea3-b3fe-a06cd7b187ae,9a0d5669-6937-460c-b6f3-89248cd6197c,1171,0,0
c20325a1-3ce8-460f-b220-75a1e669b149,8424e662-7291-4919-8616-aacf78358fd3,3880ed68-64d7-4ea3-b3fe-a06cd7b187ae,281fbc1e-5942-499a-bdf4-fe3f653b0df1,1818,0,0
c5236682-abcd-4944-b6de-c77a37529564,dfa22e57-5b54-457b-80ec-8692ae3d76fb,3880ed68-64d7-4ea3-b3fe-a06cd7b187ae,f1a145a9-b6a6-423d-bb63-e691f6e03487,413,0,0
f706bf11-8f74-4edd-b8a7-27d3f73b4c34,65300365-fddf-4f82-9622-06ddc4c773d5,3880ed68-64d7-4ea3-b3fe-a06cd7b187ae,279a5d41-0ab3-482f-ac08-a6677440f1ec,2777,0,0
36472f82-e740-4e00-9ccf-2da300ad377a,b007baa1-37d0-435d-88a2-b603e821f4e1,3880ed68-64d7-4ea3-b3fe-a06cd7b187ae,af6ee459-3351-41b0-b12e-5fd468f391d5,196,0,0
81b379af-8e38-4609-bc09-6d8340629120,b007baa1-37d0-435d-88a2-b603e821f4e1,3880ed68-64d7-4ea3-b3fe-a06cd7b187ae,9b88d40d-9933-478c-8f53-2778f2afa62b,1916,0,0
6e930e14-4c3d-475e-a822-72b64a0b22e3,24fe0dbe-455f-431e-9ccb-31c13ea1ee3e,3880ed68-64d7-4ea3-b3fe-a06cd7b187ae,e48873ec-e0be-4032-970f-a915c2713e97,336,0,0
b5ca8335-cc3e-4435-bac3-6a6dc34d632e,deebacc1-8096-49c3-adbd-e050753ed64d,3880ed68-64d7-4ea3-b3fe-a06cd7b187ae,92f83ab9-cb2e-48e9-8b74-f1cd3e008eb8,1345,0,0
bafda185-db84-43e6-8c42-6a22bed2834f,52b26c2e-5540-42a1-a8c0-5f96b1a7df56,a5f028f8-9ac3-4b8d-bc04-1f4d375d8aed,fff747af-4aa1-4600-a147-20f553fdfc3f,1096,0,0
0925ce13-7be0-4748-b45a-312662996059,5e3c8af4-67c2-4470-912a-ecb7bb53f406,a5f028f8-9ac3-4b8d-bc04-1f4d375d8aed,76f3a997-8da3-4b7b-bd7b-450b2a910aaa,1820,0,0
8edc044c-d83f-4ce7-9c4e-0dc00e36e38b,f4957732-1c15-480e-a95c-168c44e645f3,a5f028f8-9ac3-4b8d-bc04-1f4d375d8aed,2ba60f62-770c-41eb-9c65-b1eb75f940bb,539,0,0
a432215a-e3c8-425c-97f6-a0165e30a8f7,5e3c8af4-67c2-4470-912a-ecb7bb53f406,a5f028f8-9ac3-4b8d-bc04-1f4d375d8aed,6941e15f-ff5c-48cb-9a77-4655460e062c,1646,0,0
08721a2e-f14b-40b5-8ac7-90b08c1b25de,8c9dd271-7fe2-4838-95b7-ecf6fb2d9d2c,a5f028f8-9ac3-4b8d-bc04-1f4d375d8aed,a66db735-622c-4b74-90d3-9774541e006e,2856,0,0
97aa40b5-24dd-443a-9713-7b4ad6161b08,4412a3ea-7898-42e2-8fb3-7afd57d7d349,a5f028f8-9ac3-4b8d-bc04-1f4d375d8aed,b304f5a4-bf42-4424-91a3-5a651ed8c163,1857,0,0
e7fbe136-550a-4290-8792-f70cf60b4ae9,4bd7ab0d-7a82-4e3f-a689-9d5bb57f24af,a5f028f8-9ac3-4b8d-bc04-1f4d375d8aed,306453cf-8fab-4026-8545-e4257552b675,889,0,0
0eaf03a1-9c45-49e3-a384-7f6fb2b14b23,4bd7ab0d-7a82-4e3f-a689-9d5bb57f24af,a5f028f8-9ac3-4b8d-bc04-1f4d375d8aed,32395dc5-d90f-4639-9d21-e0244dec39a5,718,0,0
b6bbcaca-37b8-4b64-9a0b-4137db426acc,4ae98cc1-cb3c-4e5f-b6cd-1f83ea5d4c77,a5f028f8-9ac3-4b8d-bc04-1f4d375d8aed,bd0e45ca-5675-4021-87b4-e721d0732373,1485,0,0
5c9893ef-9a38-4e31-9f14-177a95411ee1,4efa322e-b7da-46a3-8997-0c5785d3443a,a5f028f8-9ac3-4b8d-bc04-1f4d375d8aed,d023ac03-0321-42e0-bcc7-572c822e9566,2936,0,0
89bd45af-b766-4c57-9ff1-cddc503e31ff,4412a3ea-7898-42e2-8fb3-7afd57d7d349,fb73f467-53f4-42bb-bf03-6c83f2bdb1b7,c47aeaec-6f1c-4e1e-bc62-c951ed762939,704,0,0
7a331a9a-4eb8-43e3-b88a-e6002805e2bf,52b26c2e-5540-42a1-a8c0-5f96b1a7df56,fb73f467-53f4-42bb-bf03-6c83f2bdb1b7,cd83f245-2f6d-47db-a89a-b6a7a2b57dbf,3217,0,0
85a0b56b-e510-4d83-9980-1a8f8cedcf01,3aa8a907-2778-4339-8b1f-5849cad16428,fb73f467-53f4-42bb-bf03-6c83f2bdb1b7,8bfde65d-0e20-4574-9ecd-ac0e2334a656,177,0,0
fcef8ea4-01bf-4ace-a02a-cee62a5bbe33,8c9dd271-7fe2-4838-95b7-ecf6fb2d9d2c,fb73f467-53f4-42bb-bf03-6c83f2bdb1b7,ed0bee15-6ae2-4e95-9cdc-69d664c3f714,284,0,0
92be5ba3-4870-4982-ace1-2fb80e946607,deebacc1-8096-49c3-adbd-e050753ed64d,fb73f467-53f4-42bb-bf03-6c83f2bdb1b7,ad2924c1-6a93-4e1e-8b4a-52ddde813e3a,1168,0,0
d5a5e33a-6cb7-4016-bf27-f83e416a1220,dfa22e57-5b54-457b-80ec-8692ae3d76fb,fb73f467-53f4-42bb-bf03-6c83f2bdb1b7,690e6d53-2455-4db2-8c45-1b89207b4c25,1726,0,0
ba3b2028-319d-4334-b1b8-7c14ee5e0526,a4b70abc-ae12-45f7-8dc3-49390eeb354e,fb73f467-53f4-42bb-bf03-6c83f2bdb1b7,83632cb6-397d-4f8b-a033-0f0670949734,3500,0,0
651477d0-0fa3-4036-8de2-1635c057ffad,3ee58fbc-dd4d-4664-94e2-2e2e1d7f2de1,fb73f467-53f4-42bb-bf03-6c83f2bdb1b7,eff5c33b-4749-45b2-832c-0a81a2679958,1776,0,0
0ec27d3c-2844-4f56-93dc-4e7708d7ea8c,4bd7ab0d-7a82-4e3f-a689-9d5bb57f24af,fb73f467-53f4-42bb-bf03-6c83f2bdb1b7,06d44790-3a91-4df6-8106-db9c4773f98f,1476,0,0
ec6f698b-06db-4c2c-b8cc-75001f73932d,4412a3ea-7898-42e2-8fb3-7afd57d7d349,fb73f467-53f4-42bb-bf03-6c83f2bdb1b7,5e57d851-758a-4f42-a3af-79b53081b047,1390,0,0
97922e73-e807-4e25-b139-9be9bd759a11,f4957732-1c15-480e-a95c-168c44e645f3,e4cb721a-aafa-4591-a065-58465acd2f50,c51ca9ca-9ff2-424b-b2b8-d64e9420ce2e,1457,0,0
df6271d4-84a9-452a-b15a-c363a08f9de4,b007baa1-37d0-435d-88a2-b603e821f4e1,e4cb721a-aafa-4591-a065-58465acd2f50,45c2e215-d19a-4214-a8af-fbcba760406c,2804,0,0
1babedb8-4138-4c6b-bc0b-3d4256431e8b,52b26c2e-5540-42a1-a8c0-5f96b1a7df56,e4cb721a-aafa-4591-a065-58465acd2f50,b4167866-caa5-400e-9078-b5a7d2d13e33,1371,0,0
c29dc085-3dc9-4a69-be67-45edc48f9576,4412a3ea-7898-42e2-8fb3-7afd57d7d349,e4cb721a-aafa-4591-a065-58465acd2f50,1918cd42-6df6-4b24-8d3a-4518b5d1b52c,2362,0,0
bca62e90-987b-4cf2-a7bb-1e02b4f4569b,0395b295-1937-4d01-9a55-8c1628ca811e,e4cb721a-aafa-4591-a065-58465acd2f50,be0e5882-ed15-4562-9c3c-850b627393c0,495,0,0
bf706f58-8a65-4527-b29f-63eabc9e72b6,3148a08c-9795-4ef7-b51a-d8a942e504f9,e4cb721a-aafa-4591-a065-58465acd2f50,61a14b4e-2ecf-4248-8dad-1360d2f7f206,519,0,0
ff419744-cb80-487e-bfe1-bef65260afa4,ba01ba31-4727-4fae-ad1e-216f0c07e61c,e4cb721a-aafa-4591-a065-58465acd2f50,7767bfb5-5e66-46ee-aee3-87cb8b322247,1831,0,0
64af4817-5b10-4d56-b1b9-39915fe83f7e,a4b70abc-ae12-45f7-8dc3-49390eeb354e,e4cb721a-aafa-4591-a065-58465acd2f50,6d7f5ad1-42a1-466d-b89f-8ba079600226,787,0,0
b5f663bb-f82f-480a-8a6d-1373b532f99f,0395b295-1937-4d01-9a55-8c1628ca811e,e4cb721a-aafa-4591-a065-58465acd2f50,1d782f18-af65-4093-b039-de167e1f35f9,307,0,0
7b06c081-1a95-4b7c-b760-e5f63b648026,4412a3ea-7898-42e2-8fb3-7afd57d7d349,e4cb721a-aafa-4591-a065-58465acd2f50,687d9402-5b0d-4400-988f-8163c6db10c8,490,0,0
2aa8ecce-33fc-47dc-9d31-119add4a1f90,6c62826c-5647-4a14-bc5c-84f2cdfde6ae,663bdb62-89c3-4a46-837f-dd4fba422a9f,8b807469-7151-4001-83cb-b5976a6564ba,255,0,0
2fa7d5a6-413b-4c22-8a89-9d60287dd264,8c9dd271-7fe2-4838-95b7-ecf6fb2d9d2c,663bdb62-89c3-4a46-837f-dd4fba422a9f,a7511a9e-42a6-4ab1-a60b-3d4029f71578,1319,0,0
b1c8c3a6-6769-4af3-82db-ae9e38cb81b0,4bd7ab0d-7a82-4e3f-a689-9d5bb57f24af,663bdb62-89c3-4a46-837f-dd4fba422a9f,2239228b-744b-4f1a-9aac-5693b368c9c1,3064,0,0
b0ed8c1e-fb2d-452b-9eb3-4fc6d40266d8,4412a3ea-7898-42e2-8fb3-7afd57d7d349,663bdb62-89c3-4a46-837f-dd4fba422a9f,9713c49a-35cb-4cf5-823c-0b45fa4c5baa,413,0,0
e9ba7733-a8ad-46ff-9176-cb2e5688bf0c,4bd7ab0d-7a82-4e3f-a689-9d5bb57f24af,663bdb62-89c3-4a46-837f-dd4fba422a9f,58298526-6657-49c7-9bc1-47b275a138cf,2448,0,0
88d72084-0c38-47b5-964a-7b06d59740c6,4412a3ea-7898-42e2-8fb3-7afd57d7d349,663bdb62-89c3-4a46-837f-dd4fba422a9f,8d2f67b4-0a83-4166-9eeb-9ae813229c91,154,0,0
9ee37ab1-f64b-4da8-8ad9-5355154279c8,ba01ba31-4727-4fae-ad1e-216f0c07e61c,663bdb62-89c3-4a46-837f-dd4fba422a9f,e19be19b-f3f0-4492-af02-fa4315fe7ebc,211,0,0
7d5438ba-a5ae-40db-b7a5-c642da4451d5,5e3c8af4-67c2-4470-912a-ecb7bb53f406,663bdb62-89c3-4a46-837f-dd4fba422a9f,17744b0d-fbcd-45d1-9504-36a41a54dd9b,342,0,0
27d7f41c-8c76-4256-9a48-cc5381788378,e400d1d0-c992-4b6e-b9e4-1978eb1c1d37,663bdb62-89c3-4a46-837f-dd4fba422a9f,6f9d4bb6-0fe6-44b7-968f-c4ff2f8e2510,498,0,0
35c198be-5e6f-4ceb-bf29-3f62765beb1e,4bd7ab0d-7a82-4e3f-a689-9d5bb57f24af,663bdb62-89c3-4a46-837f-dd4fba422a9f,4e10e57a-33ab-4ce0-89da-5ab8ecb8ceb9,1166,0,0
